ID,Created on,fav and rt count,,Tweet text
9.7246204376365E+017,2018-03-10 13:19:53,0,0,"Jaisalmer Fort is a World Heritage Site. The fort's massive yellow sandstone walls are a tawny lion colour during the day, fading to honey-gold as the sun sets, thereby camouflaging the fort in the yellow desert.

#HistoricalArchitecture #JaisalmerFort #AssetYogi https://t.co/Os6X7kqDOE"
9.73899435397787E+017,2018-03-14 12:31:34,5,0,"If one wants to see the replica of the fort, which was shown in the television cartoon ""Arabian nights"", then #Jaisalmer fort is the place to be.

#jaisalmerfort #ohmyrajasthan @my_rajasthan @incredibleindia

https://t.co/EoezwsEa6b"
9.72229748100235E+017,2018-03-09 21:56:49,1,0,I Just Love The Traditional atmosphere around me #AmberFort https://t.co/LoHJpXJ5hH
9.72276149534544E+017,2018-03-10 01:01:12,0,1,"Amer (Amber) Fort, Jaipur, India #amerfort #amerfortjaipur #amberfort #amberfortjaipur #jaipur #india #visitjaipur https://t.co/xbYDJss0Px https://t.co/TNun0KgF66"
9.72276674564973E+017,2018-03-10 01:03:17,1,1,"Amer (Amber) Fort, Jaipur, India #amerfort #amerfortjaipur #amberfort #amberfortjaipur #jaipur #india #visitjaipur https://t.co/k5KE5TsGMp https://t.co/lTRntgaj3J"
9.72278316408373E+017,2018-03-10 01:09:49,0,1,"Amer (Amber) Fort, Jaipur, India #amerfort #amerfortjaipur #amberfort #amberfortjaipur #jaipur #india #visitjaipur https://t.co/xbYDJss0Px https://t.co/TNun0KgF66"
9.72278347857351E+017,2018-03-10 01:09:56,0,1,"Amer (Amber) Fort, Jaipur, India #amerfort #amerfortjaipur #amberfort #amberfortjaipur #jaipur #india #visitjaipur https://t.co/k5KE5TsGMp https://t.co/lTRntgaj3J"
9.72452374165033E+017,2018-03-10 12:41:27,0,0,"Tour guide, Amer (Amber) Fort, Jaipur, India #amerfort #amerfortjaipur #amberfort #amberfortjaipur #jaipur #india #visitjaipur https://t.co/x5Fnv3stFW https://t.co/eh7FhkqltE"
9.72861126118662E+017,2018-03-11 15:45:42,0,0,"Amer (Amber) Fort, Jaipur, India #amerfort #amerfortjaipur #amberfort #amberfortjaipur #jaipur #india #visitjaipur https://t.co/lNh1yZspNC https://t.co/Kg7rGiiTaD"
9.72861481351074E+017,2018-03-11 15:47:06,1,0,"Amer (Amber) Fort, Jaipur, India #amerfort #amerfortjaipur #amberfort #amberfortjaipur #jaipur #india #visitjaipur https://t.co/nywbm80OeX https://t.co/3ecCKQVFl5"
9.72861894557041E+017,2018-03-11 15:48:45,0,0,"Amer (Amber) Fort, Jaipur, India #amerfort #amerfortjaipur #amberfort #amberfortjaipur #jaipur #india #visitjaipur https://t.co/vGwwMERpu5 https://t.co/7zZmLjmfzN"
9.73191143902003E+017,2018-03-12 13:37:04,0,2,It‚Äôs all in the details ‚ú® This beautiful structure behind me was painted using pure vegetables colors! Can you believe that üò± #AmberFort #AmerFort #Jaipur #India https://t.co/HtXWKnOdcM https://t.co/DkGA6zX8iJ
9.73453877805814E+017,2018-03-13 07:01:05,0,0,"#edadmin Amer (Amber) Fort, Jaipur, India #amerfort #amerfortjaipur #amberfort #amberfortjaipur #jaipur #india #visitjaipur https://t.co/NB8J0y33gL https://t.co/wU0mDNFxWP"
9.73453879563219E+017,2018-03-13 07:01:05,0,0,"#edadmin Amer (Amber) Fort, Jaipur, India #amerfort #amerfortjaipur #amberfort #amberfortjaipur #jaipur #india #visitjaipur https://t.co/ya0jQdwdZz https://t.co/aGhO1ySfiL"
9.73453881618391E+017,2018-03-13 07:01:05,0,0,"#edadmin Amer (Amber) Fort, Jaipur, India #amerfort #amerfortjaipur #amberfort #amberfortjaipur #jaipur #india #visitjaipur https://t.co/vdQr8miQZA https://t.co/3DBUCVgw4a"
9.73557727715778E+017,2018-03-13 13:53:44,22,1,"Amber Fort sits high up on a hill and can be reached by car, though many people queue up to ride elephants up to the fort. For the love of all that is good, please skip the elephant ride, k? üôÖüèª‚Äç‚ôÄÔ∏èüêò

#incredibleindia @incredibleindia #Jaipur #AmberFort https://t.co/DmFcLUxCdJ"
9.7391350870965E+017,2018-03-14 13:27:29,0,1,"Amber Fort sits high up on a hill and can be reached by car, though many people queue up to ride elephants up to the fort. For the love of all that is good, please skip the elephant ride, k? üôÖüèª‚Äç‚ôÄÔ∏èüêò

#incredibleindia @incredibleindia #Jaipur #AmberFort https://t.co/DmFcLUxCdJ"
9.74682442790506E+017,2018-03-16 16:22:57,3,2,A tour at night #HillaryClinton @AmberFort this evening #JaaneKyaDikhJaaye #Rajasthan https://t.co/U3FzC6Ggix
9.74684864732652E+017,2018-03-16 16:32:35,0,0,Look who is @AmberFort #Jaipur #HillaryClinton https://t.co/aEhqAmflUK
9.74718762464305E+017,2018-03-16 18:47:17,0,2,A tour at night #HillaryClinton @AmberFort this evening #JaaneKyaDikhJaaye #Rajasthan https://t.co/U3FzC6Ggix
9.75422280661721E+017,2018-03-18 17:22:48,0,0,Good memories only üòä #India #Jaipur #Rajastan #Pinkcity #AmberFort #worksavemoneytravel #Travel #February https://t.co/kvqp5z9fpi
9.75628607748911E+017,2018-03-19 07:02:41,16,2,"I really struggled with whether or not to edit the elephants being ridden in this photo, but I decided to post it as-is. I truly hope that one day photos like this can be taken without unethical animal interactions in the background üôèüèº #Rajasthan #Jaipur #AmberFort https://t.co/HaORVFo4me"
9.75691812038783E+017,2018-03-19 11:13:50,0,2,"I really struggled with whether or not to edit the elephants being ridden in this photo, but I decided to post it as-is. I truly hope that one day photos like this can be taken without unethical animal interactions in the background üôèüèº #Rajasthan #Jaipur #AmberFort https://t.co/HaORVFo4me"
9.7570104338312E+017,2018-03-19 11:50:31,0,2,"I really struggled with whether or not to edit the elephants being ridden in this photo, but I decided to post it as-is. I truly hope that one day photos like this can be taken without unethical animal interactions in the background üôèüèº #Rajasthan #Jaipur #AmberFort https://t.co/HaORVFo4me"
9.72458412687659E+017,2018-03-10 13:05:27,19,4,"The exquisite #NahargarhFort encloses the #Jaipur wax museum, the Madhvendra Palace and the caf√© Padao that stands on the edge of this massive fort making it a majestic experience. Read here: https://t.co/dAvHQ9BMBN
#MyRajasthan #JaaneKyaDikhJaye"
9.72458457281393E+017,2018-03-10 13:05:38,0,4,"The exquisite #NahargarhFort encloses the #Jaipur wax museum, the Madhvendra Palace and the caf√© Padao that stands on the edge of this massive fort making it a majestic experience. Read here: https://t.co/dAvHQ9BMBN
#MyRajasthan #JaaneKyaDikhJaye"
9.72459479672541E+017,2018-03-10 13:09:42,0,4,"The exquisite #NahargarhFort encloses the #Jaipur wax museum, the Madhvendra Palace and the caf√© Padao that stands on the edge of this massive fort making it a majestic experience. Read here: https://t.co/dAvHQ9BMBN
#MyRajasthan #JaaneKyaDikhJaye"
9.72493958415901E+017,2018-03-10 15:26:42,0,4,"The exquisite #NahargarhFort encloses the #Jaipur wax museum, the Madhvendra Palace and the caf√© Padao that stands on the edge of this massive fort making it a majestic experience. Read here: https://t.co/dAvHQ9BMBN
#MyRajasthan #JaaneKyaDikhJaye"
9.72805276448457E+017,2018-03-11 12:03:46,0,0,"Omg! This place is every bit of awesome üåû

#Rajasthan #FlexciaInRajasthan #NahargarhFort #fort‚Ä¶ https://t.co/PxpUneMM4j"
9.7286133874056E+017,2018-03-11 15:46:32,1,0,"The view though üòç

#Rajasthan #FlexciaInRajasthan #NahargarhFort #fort #palace #mia1 #mia1photos‚Ä¶ https://t.co/tbQQ9rh54h"
9.72861556399555E+017,2018-03-11 15:47:24,1,0,"Jaipur, you beauty!

#Rajasthan #FlexciaInRajasthan #NahargarhFort #fort #palace #mia1‚Ä¶ https://t.co/EjvaAXcakg"
9.73068602885755E+017,2018-03-12 05:30:08,0,4,"The exquisite #NahargarhFort encloses the #Jaipur wax museum, the Madhvendra Palace and the caf√© Padao that stands on the edge of this massive fort making it a majestic experience. Read here: https://t.co/dAvHQ9BMBN
#MyRajasthan #JaaneKyaDikhJaye"
9.73598004514091E+017,2018-03-13 16:33:47,0,0,"Oh this was one amazing walk peeping into the old world charm #Jaipur #heritagewaterwalk #nahargarhfort @my_rajasthan @Team_Pathfynder @jaipurdna @WeAreRajasthan @ArchDigest #HeritageMonth #heritage 
 https://t.co/BDmjHzlnkC"
9.74099052437623E+017,2018-03-15 01:44:46,0,0,Sunset on the nahargart fort : #jaipure #nahargarhfort #sparkyourselves #yodapix #india https://t.co/WBrEgvGwJ7
9.74147679289856E+017,2018-03-15 04:58:00,2,0,"Savory snacks at Nahargarh Fort, Jaipur, India #nahargarh #nahargarhfort #jaipur #india #visitjaipur https://t.co/dLlN5wMbmZ https://t.co/BburhLoLUe"
9.74613979942318E+017,2018-03-16 11:50:54,2,2,#FridayFeeling is to relax over a cup of coffee with a view like this at the #NahargarhFort #India #IncredibleIndia #travel #trip #tour #yolo #usa #UCLA https://t.co/uZ8a7K9b5g
9.74619535918629E+017,2018-03-16 12:12:59,0,2,#FridayFeeling is to relax over a cup of coffee with a view like this at the #NahargarhFort #India #IncredibleIndia #travel #trip #tour #yolo #usa #UCLA https://t.co/uZ8a7K9b5g
9.74834486960472E+017,2018-03-17 02:27:07,0,2,#FridayFeeling is to relax over a cup of coffee with a view like this at the #NahargarhFort #India #IncredibleIndia #travel #trip #tour #yolo #usa #UCLA https://t.co/uZ8a7K9b5g
9.75235417216897E+017,2018-03-18 05:00:17,4,1,"Karni Mata Fair at the Karni Mata Temple (also known as the Rat Temple) is an interesting attraction for tourists.The famous festival is going to be held during the #Navratras from 18th-26th March 2018

#KarniMataFair #ohmyrajasthan @my_rajasthan   

https://t.co/PRP4d4Hgry https://t.co/4RwIh7Layp"
9.75239126772367E+017,2018-03-18 05:15:01,0,1,"Karni Mata Fair at the Karni Mata Temple (also known as the Rat Temple) is an interesting attraction for tourists.The famous festival is going to be held during the #Navratras from 18th-26th March 2018

#KarniMataFair #ohmyrajasthan @my_rajasthan   

https://t.co/PRP4d4Hgry https://t.co/4RwIh7Layp"
9.72367887074775E+017,2018-03-10 07:05:44,5,1,"#Colorstrokes2018 is going to be organized on 10th and 11th March at Diggi Palace showcasing a wide range of artworks from chic style to contemporary and will include interactive workshops, live music, food stations, exhibitions, etc.

https://t.co/OJpAQkLS2A"
9.72429735581114E+017,2018-03-10 11:11:30,4,0,"The Rajasthani musical instruments are essential in making the folk music more melodious and often the songs are incomplete without them.

#Rajasthanimusicalinstruments #ohmyrajasthan @my_rajasthan @incredibleindia 

https://t.co/t2KZcUZeji"
9.72451040585974E+017,2018-03-10 12:36:09,0,96,Explore the Legacy of #Rajasthan . Awaken To A Different World. Follow @OhMyRajasthan https://t.co/ZRAc9swvAy
9.72461573926277E+017,2018-03-10 13:18:01,0,96,Explore the Legacy of #Rajasthan . Awaken To A Different World. Follow @OhMyRajasthan https://t.co/ZRAc9swvAy
9.72507901595148E+017,2018-03-10 16:22:06,0,96,Explore the Legacy of #Rajasthan . Awaken To A Different World. Follow @OhMyRajasthan https://t.co/ZRAc9swvAy
9.72521163564995E+017,2018-03-10 17:14:48,0,96,Explore the Legacy of #Rajasthan . Awaken To A Different World. Follow @OhMyRajasthan https://t.co/ZRAc9swvAy
9.72660201340813E+017,2018-03-11 02:27:17,0,72,Explore the Legacy of #Rajasthan . Follow @OhMyRajasthan https://t.co/s4x9UecOtv
9.72703560801513E+017,2018-03-11 05:19:35,5,1,"This walkthrough of Jawahar Kala Kendra presents a detailed, textual interpretation of the place, rendering information about various activities that can be performed here.

#ohmyrajasthan #JawaharKalaKendra #Rajasthantourism

https://t.co/vJHw2YcTBS"
9.72706841229541E+017,2018-03-11 05:32:37,14,3,"Amer Fort üòçüòç

Via - @RohanJainsPhotograph https://t.co/1j2CHGFEnA"
9.72736014128222E+017,2018-03-11 07:28:32,0,96,Explore the Legacy of #Rajasthan . Awaken To A Different World. Follow @OhMyRajasthan https://t.co/ZRAc9swvAy
9.72737868534661E+017,2018-03-11 07:35:55,0,3,"Amer Fort üòçüòç

Via - @RohanJainsPhotograph https://t.co/1j2CHGFEnA"
9.72783191361819E+017,2018-03-11 10:36:00,0,96,Explore the Legacy of #Rajasthan . Awaken To A Different World. Follow @OhMyRajasthan https://t.co/ZRAc9swvAy
9.72789320691143E+017,2018-03-11 11:00:22,0,3,"Amer Fort üòçüòç

Via - @RohanJainsPhotograph https://t.co/1j2CHGFEnA"
9.72853242244813E+017,2018-03-11 15:14:22,0,72,Explore the Legacy of #Rajasthan . Follow @OhMyRajasthan https://t.co/s4x9UecOtv
9.72855882148131E+017,2018-03-11 15:24:51,0,96,Explore the Legacy of #Rajasthan . Awaken To A Different World. Follow @OhMyRajasthan https://t.co/ZRAc9swvAy
9.73027136679432E+017,2018-03-12 02:45:22,0,72,Explore the Legacy of #Rajasthan . Follow @OhMyRajasthan https://t.co/s4x9UecOtv
9.7304693593754E+017,2018-03-12 04:04:02,0,3,"Amer Fort üòçüòç

Via - @RohanJainsPhotograph https://t.co/1j2CHGFEnA"
9.7306750403267E+017,2018-03-12 05:25:46,0,72,Explore the Legacy of #Rajasthan . Follow @OhMyRajasthan https://t.co/s4x9UecOtv
9.7307251972393E+017,2018-03-12 05:45:42,0,72,Explore the Legacy of #Rajasthan . Follow @OhMyRajasthan https://t.co/s4x9UecOtv
9.73100174401827E+017,2018-03-12 07:35:35,7,0,"Dedicated to Hindu God Narayan (Vishnu), #Akshardham Temple is one of the most popular tourist destinations which reflect the rich culture, royal history and unique heritage of #Rajasthan.

#AkshardhamTemple #Jaipur @my_rajasthan @incredibleindia 

https://t.co/AXv1I9ri79"
9.73139920595415E+017,2018-03-12 10:13:31,5,3,"Visit the land of the proud Rajput kings and stay at the royal homes of these mighty rulers that have been converted into Heritage Hotels and experience #Rajasthan..

#HotelsofRajasthan #ohmyrajasthan @my_rajasthan @incredibleindia
https://t.co/GMJETisJ0J"
9.73166513078391E+017,2018-03-12 11:59:11,4,0,From the eye of a sketch artist #Jodhpur #MehrangarhFort #MagicalMarwar #Artist #Sketch #Rajasthan #‡§Ü‡§™‡§£‡•ã‡§Ç‡§ú‡•ã‡§ß‡§™‡•Å‡§∞ #MondayBlues @FortMehrangarh @my_rajasthan @incredibleindia @rangeeloraj @OhMyRajasthan @travelrajasthan @RajasthanTrends https://t.co/pXLDhWIjZu
9.73399595597402E+017,2018-03-13 03:25:23,0,0,@OhMyRajasthan @my_rajasthan @incredibleindia Loved this pic.  Will go for sure
9.73410752747967E+017,2018-03-13 04:09:43,0,72,Explore the Legacy of #Rajasthan . Follow @OhMyRajasthan https://t.co/s4x9UecOtv
9.73427155500708E+017,2018-03-13 05:14:53,6,1,"One of the most beautiful shrines in #Jodhpur is Mahamandir Temple; an architectural marvel of the Blue City built in 1812.

#Jodhpurtourism #ohmyrajasthan @my_rajasthan @incredibleindia

https://t.co/Jo53z0mYcB"
9.73438890777498E+017,2018-03-13 06:01:31,0,96,Explore the Legacy of #Rajasthan . Awaken To A Different World. Follow @OhMyRajasthan https://t.co/ZRAc9swvAy
9.73450135056372E+017,2018-03-13 06:46:12,0,72,Explore the Legacy of #Rajasthan . Follow @OhMyRajasthan https://t.co/s4x9UecOtv
9.73487873726009E+017,2018-03-13 09:16:10,0,96,Explore the Legacy of #Rajasthan . Awaken To A Different World. Follow @OhMyRajasthan https://t.co/ZRAc9swvAy
9.73514763824128E+017,2018-03-13 11:03:01,0,72,Explore the Legacy of #Rajasthan . Follow @OhMyRajasthan https://t.co/s4x9UecOtv
9.73520056230424E+017,2018-03-13 11:24:03,0,96,Explore the Legacy of #Rajasthan . Awaken To A Different World. Follow @OhMyRajasthan https://t.co/ZRAc9swvAy
9.73525717463044E+017,2018-03-13 11:46:32,14,3,"#Jodhpur is known for its hot climate and its location of being right at the edge of the Thar Desert, and with the number of amazing things to see and do in this city, you just can't miss the prominence of #MehrangarhFort.
https://t.co/jTWzen6zCk"
9.7352608911607E+017,2018-03-13 11:48:01,15,4,"Jawahar Circle  üòçüòçüòç 
Picture credit @sofarsonia

@my_rajasthan @incredibleindia https://t.co/6LemE6Rfh0"
9.73528127552E+017,2018-03-13 11:56:07,0,4,"Jawahar Circle  üòçüòçüòç 
Picture credit @sofarsonia

@my_rajasthan @incredibleindia https://t.co/6LemE6Rfh0"
9.73528964692984E+017,2018-03-13 11:59:27,0,4,"Jawahar Circle  üòçüòçüòç 
Picture credit @sofarsonia

@my_rajasthan @incredibleindia https://t.co/6LemE6Rfh0"
9.73542414098018E+017,2018-03-13 12:52:53,0,96,Explore the Legacy of #Rajasthan . Awaken To A Different World. Follow @OhMyRajasthan https://t.co/ZRAc9swvAy
9.73546525078032E+017,2018-03-13 13:09:13,0,4,"Jawahar Circle  üòçüòçüòç 
Picture credit @sofarsonia

@my_rajasthan @incredibleindia https://t.co/6LemE6Rfh0"
9.73618967637E+017,2018-03-13 17:57:05,0,3,"#Jodhpur is known for its hot climate and its location of being right at the edge of the Thar Desert, and with the number of amazing things to see and do in this city, you just can't miss the prominence of #MehrangarhFort.
https://t.co/jTWzen6zCk"
9.73643324782342E+017,2018-03-13 19:33:52,0,1,"Shades of Rajasthan ‚ù§Ô∏è‚ù§Ô∏è

Video Credit - @my_rajasthan https://t.co/V3QsaCVbeQ"
9.73774958852788E+017,2018-03-14 04:16:56,0,4,"Jawahar Circle  üòçüòçüòç 
Picture credit @sofarsonia

@my_rajasthan @incredibleindia https://t.co/6LemE6Rfh0"
9.73775177262797E+017,2018-03-14 04:17:48,0,3,"#Jodhpur is known for its hot climate and its location of being right at the edge of the Thar Desert, and with the number of amazing things to see and do in this city, you just can't miss the prominence of #MehrangarhFort.
https://t.co/jTWzen6zCk"
9.73788018036433E+017,2018-03-14 05:08:50,6,2,"Puru Vyas (@puruvyass), who was born in Bikaner and currently residing in Kolkata beautifully captured the essence of Rajasthan in photographs. Check out the amazing clicks from this learning photographer.
Also check out his work @vyasspuru.  
https://t.co/kC5FHYAK53"
9.73794059780313E+017,2018-03-14 05:32:50,0,72,Explore the Legacy of #Rajasthan . Follow @OhMyRajasthan https://t.co/s4x9UecOtv
9.73795419728892E+017,2018-03-14 05:38:14,0,2,"Puru Vyas (@puruvyass), who was born in Bikaner and currently residing in Kolkata beautifully captured the essence of Rajasthan in photographs. Check out the amazing clicks from this learning photographer.
Also check out his work @vyasspuru.  
https://t.co/kC5FHYAK53"
9.73816672737022E+017,2018-03-14 07:02:42,0,96,Explore the Legacy of #Rajasthan . Awaken To A Different World. Follow @OhMyRajasthan https://t.co/ZRAc9swvAy
9.73899435397787E+017,2018-03-14 12:31:34,5,0,"If one wants to see the replica of the fort, which was shown in the television cartoon ""Arabian nights"", then #Jaisalmer fort is the place to be.

#jaisalmerfort #ohmyrajasthan @my_rajasthan @incredibleindia

https://t.co/EoezwsEa6b"
9.73927800720712E+017,2018-03-14 14:24:17,1,0,"Just now..
The majestic Mehrangarh fort is all set for the shootings of ""Thugs of Hindustan"" tonight.
@SrBachchan @aamir_khan @my_rajasthan @OhMyRajasthan https://t.co/V2GM5XrffZ"
9.73940855038988E+017,2018-03-14 15:16:09,0,1,"@OhMyRajasthan @udaipurblog @cntraveller @DalaiLama @AlineDobbie @Giggle_water @rajasthanroyals @Breathedreamgo @banjaranondroad @mappingmegan Blessed with Auspicious Wednesday , Bohra Ganesh Ji , Udaipur !!
@incredibleindia @my_rajasthan https://t.co/PQlKNEx1a0"
9.73964843928773E+017,2018-03-14 16:51:28,3,0,@EverRajasthan @OhMyRajasthan @We_Are_Jaipur @hashjaipur @BlueberryTrails @travelabouts @incredibleindia @e_rajasthan @Eternal_Mewar @JaipurMarriott Wish i can see all these beauties in India üòû
9.73996950906274E+017,2018-03-14 18:59:03,0,0,"Ohh @SrBachchan is showing interest about blue city and Mehrangarh fort.Yes, it is fact those cheels are there since 1459AD. Jodhpurities call them symbol/vahan of Goddess Chamunda. That's why cheels got space in marwar's royal flag‚ò∫Ô∏è @OhMyRajasthan https://t.co/EGJ71WwG1l"
9.74108768597197E+017,2018-03-15 02:23:23,2,0,The rich culture and traditions of #Jodhpur. #MagicalMarwar #PakkeJodhpuri #IncredibleIndia #JaaneKyaDikhJaaye #Rajasthan #MehrangarhFort @my_rajasthan @incredibleindia @FortMehrangarh @SrBachchan @OhMyRajasthan    #AmitabhBachchan #ThugsOfHindostan #ThursdayThoughts https://t.co/bkMnuqz0Bd
9.74137000432493E+017,2018-03-15 04:15:34,0,96,Explore the Legacy of #Rajasthan . Awaken To A Different World. Follow @OhMyRajasthan https://t.co/ZRAc9swvAy
9.7416336720314E+017,2018-03-15 06:00:20,5,1,"4 Super Interesting Facts About Hawa Mahal In Jaipur
#HawaMahal #ohmyrajasthan @my_rajasthan @incredibleindia 

https://t.co/FqGAg567ai"
9.74164826183406E+017,2018-03-15 06:06:08,8,4,"Amer fort is the jewel of #Jaipur , with its majesty, beautiful architecture and its rich history. #amerfort #Jaipur #Rajasthan #IncredibleIndia @my_rajasthan @ResurgentRaj @resurgent @We_Are_Jaipur @WeAreRajasthan @OhMyRajasthan @WeAreMewar @incredibleindia  @DiscoveryIN https://t.co/xeBEsy9jOP"
9.74165714050445E+017,2018-03-15 06:09:40,0,4,"Amer fort is the jewel of #Jaipur , with its majesty, beautiful architecture and its rich history. #amerfort #Jaipur #Rajasthan #IncredibleIndia @my_rajasthan @ResurgentRaj @resurgent @We_Are_Jaipur @WeAreRajasthan @OhMyRajasthan @WeAreMewar @incredibleindia  @DiscoveryIN https://t.co/xeBEsy9jOP"
9.74165888902419E+017,2018-03-15 06:10:21,0,4,"Amer fort is the jewel of #Jaipur , with its majesty, beautiful architecture and its rich history. #amerfort #Jaipur #Rajasthan #IncredibleIndia @my_rajasthan @ResurgentRaj @resurgent @We_Are_Jaipur @WeAreRajasthan @OhMyRajasthan @WeAreMewar @incredibleindia  @DiscoveryIN https://t.co/xeBEsy9jOP"
9.74171246542905E+017,2018-03-15 06:31:39,0,4,"Amer fort is the jewel of #Jaipur , with its majesty, beautiful architecture and its rich history. #amerfort #Jaipur #Rajasthan #IncredibleIndia @my_rajasthan @ResurgentRaj @resurgent @We_Are_Jaipur @WeAreRajasthan @OhMyRajasthan @WeAreMewar @incredibleindia  @DiscoveryIN https://t.co/xeBEsy9jOP"
9.74174343965094E+017,2018-03-15 06:43:57,6,1,Beautifully Captured! #MehrangarhFort #Jodhpur #Rajasthan #MagicalMarwar #traveldiaries #photography #ThursdayThoughts #‡§Ü‡§™‡§£‡•ã‡§Ç‡§ú‡•ã‡§ß‡§™‡•Å‡§∞ #jaanekyadikhjaye @FortMehrangarh @my_rajasthan @OhMyRajasthan @rangeeloraj @incredibleindia https://t.co/UettbmlEhQ
9.74180138706334E+017,2018-03-15 07:06:59,1,0,@IamNishantSh @my_rajasthan @ResurgentRaj @resurgent @We_Are_Jaipur @WeAreRajasthan @OhMyRajasthan @WeAreMewar @incredibleindia @DiscoveryIN Majestic.
9.7418218430627E+017,2018-03-15 07:15:06,0,1,Beautifully Captured! #MehrangarhFort #Jodhpur #Rajasthan #MagicalMarwar #traveldiaries #photography #ThursdayThoughts #‡§Ü‡§™‡§£‡•ã‡§Ç‡§ú‡•ã‡§ß‡§™‡•Å‡§∞ #jaanekyadikhjaye @FortMehrangarh @my_rajasthan @OhMyRajasthan @rangeeloraj @incredibleindia https://t.co/UettbmlEhQ
9.74184882564993E+017,2018-03-15 07:25:50,13,1,"Camel In Desert ‚ù§  ‚ù§

Picture by @surbhikaushik 
@my_rajasthan @incredibleindia https://t.co/YFf3lv9MVr"
9.74190705622049E+017,2018-03-15 07:48:58,0,1,"Camel In Desert ‚ù§  ‚ù§

Picture by @surbhikaushik 
@my_rajasthan @incredibleindia https://t.co/YFf3lv9MVr"
9.74268314267635E+017,2018-03-15 12:57:21,5,3,"Looking for Authentic #Rajasthani Cuisine in Jaipur? Visit these 6 places!
#Rajasthanifood #ohmyrajasthan #tasteofrajasthan @my_rajasthan @incredibleindia #RajasthaniCuisine
https://t.co/PxqBALWiQA"
9.74284023135551E+017,2018-03-15 13:59:47,0,3,"Looking for Authentic #Rajasthani Cuisine in Jaipur? Visit these 6 places!
#Rajasthanifood #ohmyrajasthan #tasteofrajasthan @my_rajasthan @incredibleindia #RajasthaniCuisine
https://t.co/PxqBALWiQA"
9.74514510257054E+017,2018-03-16 05:15:39,2,1,"#Rajasthan On a Mission to Eliminate Tuberculosis from the State
#newsofrajasthan #rajasthannews 

https://t.co/JhUDmtEKXV"
9.74518363421487E+017,2018-03-16 05:30:58,2,1,From the #MehrangarhFort by @IMVoyager. #Jodhpur #Rajasthan #MagicalMarwar #jaanekyadikhjaye #IncredibleIndia @my_rajasthan @OhMyRajasthan @rangeeloraj @incredibleindia @FortMehrangarh https://t.co/FmZfeNMw6S
9.74519162218283E+017,2018-03-16 05:34:08,4,1,From the #traveldiaries... #MehrangarhFort #Jodhpur #MagicalMarwar #Rajasthan #jaanekyadikhjaye #IncredibleIndia #FridayFeeling #photography @NChandok @my_rajasthan @OhMyRajasthan @rangeeloraj @FortMehrangarh @incredibleindia https://t.co/70GRCNrISS
9.74522369392837E+017,2018-03-16 05:46:53,6,2,"Here are the 5 reasons why #Rajasthan is a must visit tourist place
#ohmyrajasthan Rajasthan Tourism Incredible India #rajasthantourism

https://t.co/yQq7LaqWdK"
9.74523126942876E+017,2018-03-16 05:49:53,0,2,"Here are the 5 reasons why #Rajasthan is a must visit tourist place
#ohmyrajasthan Rajasthan Tourism Incredible India #rajasthantourism

https://t.co/yQq7LaqWdK"
9.7453374895897E+017,2018-03-16 06:32:06,0,0,@OhMyRajasthan Coming soon. .üòäüòäüëåüèÉüèÉ
9.74536738923164E+017,2018-03-16 06:43:59,12,2,"Bishangarh's warrior fort üòç üòç

Picture credit @joshuakarthikr

@my_rajasthan @incredibleindia https://t.co/Crnxt0FJ3O"
9.74537408732479E+017,2018-03-16 06:46:38,0,2,"Bishangarh's warrior fort üòç üòç

Picture credit @joshuakarthikr

@my_rajasthan @incredibleindia https://t.co/Crnxt0FJ3O"
9.74543041682752E+017,2018-03-16 07:09:01,0,1,"#Rajasthan On a Mission to Eliminate Tuberculosis from the State
#newsofrajasthan #rajasthannews 

https://t.co/JhUDmtEKXV"
9.74921781667492E+017,2018-03-17 08:14:00,2,2,"Jaisalmer Fort -- Also Known as Sonar Qila or The Golden Fort, is One of The Most Glorious and Beautiful Fort of India - An Architectural Enigma -- https://t.co/0cw6Kb7GhG"
9.74921861925654E+017,2018-03-17 08:14:19,0,2,"Jaisalmer Fort -- Also Known as Sonar Qila or The Golden Fort, is One of The Most Glorious and Beautiful Fort of India - An Architectural Enigma -- https://t.co/0cw6Kb7GhG"
9.7494625726004E+017,2018-03-17 09:51:16,0,4,"Amer fort is the jewel of #Jaipur , with its majesty, beautiful architecture and its rich history. #amerfort #Jaipur #Rajasthan #IncredibleIndia @my_rajasthan @ResurgentRaj @resurgent @We_Are_Jaipur @WeAreRajasthan @OhMyRajasthan @WeAreMewar @incredibleindia  @DiscoveryIN https://t.co/xeBEsy9jOP"
9.74964381158138E+017,2018-03-17 11:03:17,7,3,"#Rajasthan is known to the world for its history, excellent art and marvelous architecture. Stone carving is of the most complicated and tedious #artworks in Rajasthan.

#ohmyrajasthan @my_rajasthan @incredibleindia 
https://t.co/WC6OXN2au9"
9.74978761107047E+017,2018-03-17 12:00:25,7,2,"A joint effort by Jaipur Photographers' Club, Jaipur Mera Shehar and Department of Archaeology &amp; Museums (Govt. of Rajasthan).The Photo Walk series begins on 18th March'18 at Jantar Mantar

#PhotoWalkSeries #ohmyrajasthan @my_rajasthan @incredibleindia 
https://t.co/C6p1QtFxU4"
9.74980355387044E+017,2018-03-17 12:06:45,0,2,"A joint effort by Jaipur Photographers' Club, Jaipur Mera Shehar and Department of Archaeology &amp; Museums (Govt. of Rajasthan).The Photo Walk series begins on 18th March'18 at Jantar Mantar

#PhotoWalkSeries #ohmyrajasthan @my_rajasthan @incredibleindia 
https://t.co/C6p1QtFxU4"
9.74986385613513E+017,2018-03-17 12:30:43,0,3,"#Rajasthan is known to the world for its history, excellent art and marvelous architecture. Stone carving is of the most complicated and tedious #artworks in Rajasthan.

#ohmyrajasthan @my_rajasthan @incredibleindia 
https://t.co/WC6OXN2au9"
9.75212731669336E+017,2018-03-18 03:30:08,3,1,"In India, Mewar Festival is one which is celebrated with great zeal. This year it is going to celebrate for three days that is from March 18-20, 2018.

#MewarFestival #ohmyrajasthan @my_rajasthan @incredibleindia 

https://t.co/HYaVLbkmLT https://t.co/hQJKAwoyfU"
9.7522093982147E+017,2018-03-18 04:02:45,0,1,"In India, Mewar Festival is one which is celebrated with great zeal. This year it is going to celebrate for three days that is from March 18-20, 2018.

#MewarFestival #ohmyrajasthan @my_rajasthan @incredibleindia 

https://t.co/HYaVLbkmLT https://t.co/hQJKAwoyfU"
9.75235417216897E+017,2018-03-18 05:00:17,4,1,"Karni Mata Fair at the Karni Mata Temple (also known as the Rat Temple) is an interesting attraction for tourists.The famous festival is going to be held during the #Navratras from 18th-26th March 2018

#KarniMataFair #ohmyrajasthan @my_rajasthan   

https://t.co/PRP4d4Hgry https://t.co/4RwIh7Layp"
9.75239126772367E+017,2018-03-18 05:15:01,0,1,"Karni Mata Fair at the Karni Mata Temple (also known as the Rat Temple) is an interesting attraction for tourists.The famous festival is going to be held during the #Navratras from 18th-26th March 2018

#KarniMataFair #ohmyrajasthan @my_rajasthan   

https://t.co/PRP4d4Hgry https://t.co/4RwIh7Layp"
9.75265572291338E+017,2018-03-18 07:00:06,6,2,"Named after the #Godwar or Gorwar region of Rajasthan, the Godwar festival is an annual celebration of the culture of the state to be held on 18-19 March 2018

#Godwarfestival #festivalofrajasthan #ohmyrajasthan @my_rajasthan @incredibleindia   
https://t.co/3o4qBkmY8X"
9.75349860739117E+017,2018-03-18 12:35:02,0,2,"Bishangarh's warrior fort üòç üòç

Picture credit @joshuakarthikr

@my_rajasthan @incredibleindia https://t.co/Crnxt0FJ3O"
9.75605309057192E+017,2018-03-19 05:30:06,0,1,From the #MehrangarhFort by @IMVoyager. #Jodhpur #Rajasthan #MagicalMarwar #jaanekyadikhjaye #IncredibleIndia @my_rajasthan @OhMyRajasthan @rangeeloraj @incredibleindia @FortMehrangarh https://t.co/FmZfeNMw6S
9.75612859819479E+017,2018-03-19 06:00:06,0,1,From the #traveldiaries... #MehrangarhFort #Jodhpur #MagicalMarwar #Rajasthan #jaanekyadikhjaye #IncredibleIndia #FridayFeeling #photography @NChandok @my_rajasthan @OhMyRajasthan @rangeeloraj @FortMehrangarh @incredibleindia https://t.co/70GRCNrISS
9.7562416961749E+017,2018-03-19 06:45:02,8,2,"Mertani Ji Ki Baori these ancient and enticing structures, bearing significant historical importance, are part of unexplored sightseeing in #Jhunjhunu.
#MertaniJiKiBaori #ohmyrajasthan @my_rajasthan @incredibleindia  

https://t.co/xPgC5YMpnO"
9.75640048233255E+017,2018-03-19 07:48:08,0,2,"Mertani Ji Ki Baori these ancient and enticing structures, bearing significant historical importance, are part of unexplored sightseeing in #Jhunjhunu.
#MertaniJiKiBaori #ohmyrajasthan @my_rajasthan @incredibleindia  

https://t.co/xPgC5YMpnO"
9.75667804711084E+017,2018-03-19 09:38:26,1,0,The #Taj of #Raj from the #Royals! #JaswantThada #Jodhpur #MehrangarhFort #MagicalMarwar #Marwar #Photography #RajasthanRoyals #HallaBol #JaaneKyaDikhJaaye #RoyalsOfCricket @FortMehrangarh @my_rajasthan @rangeeloraj @OhMyRajasthan @incredibleindia @rajasthanroyals #‡§Ü‡§™‡§£‡•ã‡§Ç‡§ú‡•ã‡§ß‡§™‡•Å‡§∞ https://t.co/Kt1DblJv3U
9.75668814212837E+017,2018-03-19 09:42:27,1,0,The #Land of #Sun...#Suncity. #Jodhpur #MagicalMarwar #Bluecity #Rajasthan #Marwar #Folk #JaaneKyaDikhJaaye #IncredibleIndia #JodhpurDiaries #MondayMotivation @my_rajasthan @OhMyRajasthan @rangeeloraj @incredibleindia @worldwide_asia https://t.co/LPLzQVVAEH
9.75964326753423E+017,2018-03-20 05:16:42,2,2,"#Gangaur, an important festival for women in Rajasthan, honors the goddess Gauri. She's a manifestation of Lord Shiva's wife and represents austerity.Gangaur Festival is from 20 march 2018 to 21 March 2018.

#GangaurFestival #ohmyrajasthan https://t.co/hAG8VX7D6x"
9.75975838746382E+017,2018-03-20 06:02:27,0,2,"#Gangaur, an important festival for women in Rajasthan, honors the goddess Gauri. She's a manifestation of Lord Shiva's wife and represents austerity.Gangaur Festival is from 20 march 2018 to 21 March 2018.

#GangaurFestival #ohmyrajasthan https://t.co/hAG8VX7D6x"
9.74662163821457E+017,2018-03-16 15:02:22,0,1,"May this Holi add new shades of happiness to every page of your life and turn it into a RangSthan. Wishing you and your family a #HappyHoli.
#latepost
#MyRajasthan #JaaneKyaDikhJaye https://t.co/fIy0XO2ssh"
9.75605310504293E+017,2018-03-19 05:30:06,0,1,"May this Holi add new shades of happiness to every page of your life and turn it into a RangSthan. Wishing you and your family a #HappyHoli.
#latepost
#MyRajasthan #JaaneKyaDikhJaye https://t.co/fIy0XO2ssh"
9.72498419729207E+017,2018-03-10 15:44:26,8,3,"Never ending love for this city ‚ô•

Image Courtesy : @em_luxton

#insta #udaipur #udaipurlakecity #instagram #ulc #rajasthantourism #rajasthan #jaanekyadikhjaaye #padharomharedes #pichhola #sunset #udaipurlove #beauty #sun #nature #clouds #awesome #amazing #beautiful #love https://t.co/MocDvuC184"
9.72533455253791E+017,2018-03-10 18:03:39,0,3,"Never ending love for this city ‚ô•

Image Courtesy : @em_luxton

#insta #udaipur #udaipurlakecity #instagram #ulc #rajasthantourism #rajasthan #jaanekyadikhjaaye #padharomharedes #pichhola #sunset #udaipurlove #beauty #sun #nature #clouds #awesome #amazing #beautiful #love https://t.co/MocDvuC184"
9.72554980833071E+017,2018-03-10 19:29:11,0,3,"Never ending love for this city ‚ô•

Image Courtesy : @em_luxton

#insta #udaipur #udaipurlakecity #instagram #ulc #rajasthantourism #rajasthan #jaanekyadikhjaaye #padharomharedes #pichhola #sunset #udaipurlove #beauty #sun #nature #clouds #awesome #amazing #beautiful #love https://t.co/MocDvuC184"
9.72555509575254E+017,2018-03-10 19:31:17,0,3,"Never ending love for this city ‚ô•

Image Courtesy : @em_luxton

#insta #udaipur #udaipurlakecity #instagram #ulc #rajasthantourism #rajasthan #jaanekyadikhjaaye #padharomharedes #pichhola #sunset #udaipurlove #beauty #sun #nature #clouds #awesome #amazing #beautiful #love https://t.co/MocDvuC184"
9.73565660579205E+017,2018-03-13 14:25:16,1,1,"A classy mobile shot ‚ô•

Image Courtesy : @chirmaienagda

#udaipur #udaipurlakecity #ulc #rajasthantourism #rajasthan #jaanekyadikhjaaye #padharomharedes #pichhola #lakepichhola #lights #splendid #udaipurlove #beauty #love #reflections #bridge #mobilephotography #mobile https://t.co/HiYiqx9ZZF"
9.73938121611104E+017,2018-03-14 15:05:17,1,0,"Colorful streets of the colorful city ‚ô•

Image Courtesy : @alina.maria.o

#insta #udaipur #udaipurlakecity #instagram #ulc #rajasthantourism #rajasthan #jaanekyadikhjaaye #padharomharedes #fs #fatehsagar #streetsofudaipur #streetsofindia #soi #streets #color #udaipurlove #love https://t.co/9oQr6YL3uH"
9.73939680168284E+017,2018-03-14 15:11:29,0,1,"A classy mobile shot ‚ô•

Image Courtesy : @chirmaienagda

#udaipur #udaipurlakecity #ulc #rajasthantourism #rajasthan #jaanekyadikhjaaye #padharomharedes #pichhola #lakepichhola #lights #splendid #udaipurlove #beauty #love #reflections #bridge #mobilephotography #mobile https://t.co/HiYiqx9ZZF"
9.74108768597197E+017,2018-03-15 02:23:23,2,0,The rich culture and traditions of #Jodhpur. #MagicalMarwar #PakkeJodhpuri #IncredibleIndia #JaaneKyaDikhJaaye #Rajasthan #MehrangarhFort @my_rajasthan @incredibleindia @FortMehrangarh @SrBachchan @OhMyRajasthan    #AmitabhBachchan #ThugsOfHindostan #ThursdayThoughts https://t.co/bkMnuqz0Bd
9.74325910752121E+017,2018-03-15 16:46:13,2,1,"A lot can be explored over a Coffee ‚ô•

Image Courtesy : @thewickedsoul

#udaipur #udaipurlakecity #ulc #rajasthantourism #rajasthan #jaanekyadikhjaaye #padharomharedes #pichhola #lakepichhola #citypalace #palace #coffee #evening #beautiful #lakeview #lakeside #lakeshore https://t.co/bkCv2Ik8N3"
9.74599100619526E+017,2018-03-16 10:51:47,0,1,"A lot can be explored over a Coffee ‚ô•

Image Courtesy : @thewickedsoul

#udaipur #udaipurlakecity #ulc #rajasthantourism #rajasthan #jaanekyadikhjaaye #padharomharedes #pichhola #lakepichhola #citypalace #palace #coffee #evening #beautiful #lakeview #lakeside #lakeshore https://t.co/bkCv2Ik8N3"
9.74682442790506E+017,2018-03-16 16:22:57,3,2,A tour at night #HillaryClinton @AmberFort this evening #JaaneKyaDikhJaaye #Rajasthan https://t.co/U3FzC6Ggix
9.74718762464305E+017,2018-03-16 18:47:17,0,2,A tour at night #HillaryClinton @AmberFort this evening #JaaneKyaDikhJaaye #Rajasthan https://t.co/U3FzC6Ggix
9.74987566935048E+017,2018-03-17 12:35:25,2,0,"Who can beat this beauty! ‚ô•

Image Courtesy : @explore.adapt.repeat

#udaipur #udaipurlakecity #ulc #rajasthantourism #rajasthan #jaanekyadikhjaaye #padharomharedes #pichhola #lakepichhola #historical #architecture #heritage #lake #instagood #photooftheday #love #udaipurlove https://t.co/Az0rjT9PmI"
9.75368004212085E+017,2018-03-18 13:47:08,2,0,"Memories for a life time ‚ô•

Image Courtesy : @jc_cao

#udaipur #udaipurlakecity #ulc #rajasthantourism #rajasthan #jaanekyadikhjaaye #padharomharedes #citypalace #palace #fort #mewar #historical #architecture #beautiful #heritage #udaipurlove #love #view #awesome https://t.co/QgHAEz6pJC"
9.75667804711084E+017,2018-03-19 09:38:26,1,0,The #Taj of #Raj from the #Royals! #JaswantThada #Jodhpur #MehrangarhFort #MagicalMarwar #Marwar #Photography #RajasthanRoyals #HallaBol #JaaneKyaDikhJaaye #RoyalsOfCricket @FortMehrangarh @my_rajasthan @rangeeloraj @OhMyRajasthan @incredibleindia @rajasthanroyals #‡§Ü‡§™‡§£‡•ã‡§Ç‡§ú‡•ã‡§ß‡§™‡•Å‡§∞ https://t.co/Kt1DblJv3U
9.75668814212837E+017,2018-03-19 09:42:27,1,0,The #Land of #Sun...#Suncity. #Jodhpur #MagicalMarwar #Bluecity #Rajasthan #Marwar #Folk #JaaneKyaDikhJaaye #IncredibleIndia #JodhpurDiaries #MondayMotivation @my_rajasthan @OhMyRajasthan @rangeeloraj @incredibleindia @worldwide_asia https://t.co/LPLzQVVAEH
9.75721201422275E+017,2018-03-19 13:10:37,1,0,"I haven't seen Gangaur Ghat as beautiful as this, earlier ‚ô•

Image Courtesy : @onlytarun

#udaipur #udaipurlakecity #ulc #rajasthantourism #rajasthan #jaanekyadikhjaaye #padharomharedes #pichhola #lakepichhola #udaipurlove #bagorekihaveli #gangaurghat #gangaur #gangaurfestival https://t.co/bI7wCyGnCp"
9.75873865564946E+017,2018-03-19 23:17:15,0,0,@my_rajasthan @ResurgentRaj ....so glad to arrive today on this land ...it's a majestic feeling to be here nd to showcase what this place is all about to the entire nation in a new form every year. #MyRajasthan  #JaaneKyaDikhJaye
9.7587518246314E+017,2018-03-19 23:22:29,0,1,"To participant in #Hackathon #ITdayRajasthan My Idea get shortlisted by DoITC, Government of Rajasthan. ‚Äî travelling to Jaipur, Rajasthan"
9.75880691543171E+017,2018-03-19 23:44:22,0,0,@IMVoyager @incredibleindia @my_rajasthan Very well said abt rajasthan
9.75906006344454E+017,2018-03-20 01:24:58,14,14,"Annual Festival of Veena Group

@arjunrammeghwal @AshokLahotyBJP @shrichand_nbh @AnitaBhadelajm @RaghusharmaINC @GulabKataria @Rathore_BJP @ashokgehlot51 @SachinPilot @VasundharaBJP @my_rajasthan @VasudevDevnani @DrJyotiKiranBJP @kiransnm @ITforWOMAN @RaghusharmaINC @gtiwariindia https://t.co/9DELJ63Xqn"
9.75906434998243E+017,2018-03-20 01:26:40,0,0,I have added a new proudct on my store! Check it out now #wooplrinfluencer https://t.co/lLe4I9oKz5
9.75906880219365E+017,2018-03-20 01:28:26,0,123,"I am happy that I have got the opportunity to serve my people. My priorities will be the education of girls and sanitation. I want to set an example for girls on how education can help in so many ways: Shanaz Khan, youngest &amp; first MBBS Sarpanch in Bharatpur district, #Rajasthan. https://t.co/YAGzu5Juyf"
9.75909853100216E+017,2018-03-20 01:40:15,2,0,@VlVIDKAI my mum won't hold back so i'm lowkey expecting it. since my cousin is looking for a match now the subject has come up more in my home even tho it's years off... i mean i know it's gonna be destination either in goa or rajasthan so if i'm doing that might as well go all out y'know
9.75911066273309E+017,2018-03-20 01:45:04,5,1,"Palaces, forts, tigers oh my! The #PalaceonWheels is the only way to see the best of Rajasthan with no hassle, only fun. Read all about @ciantravels trip on India's most famous train &amp; why this should be your next holiday. https://t.co/fCz30w7Oa1 #incredibleindia #indiablogtrain"
9.75913378181923E+017,2018-03-20 01:54:15,0,0,"Worshipping the Divine Gan &amp; Gauri 

@my_rajasthan @rajkumar_rinwa @VasundharaBJP @GulabKataria @Rathore_BJP @KumariDiya @AnitaBhadelajm @ITforWOMAN @Archana_S_Cong @kiransnm @JprMayor @DrJyotiKiranBJP @VasudevDevnani @PSKhachariyawas @ashokgehlot51 @SachinPilot @AshokParnamiBJP https://t.co/lYPYKMkTvy"
9.75916307605422E+017,2018-03-20 02:05:54,0,3,Hill forts of Rajasthan: Masterpieces of Rajputana Heritage #travel @my_rajasthan https://t.co/I7z0pt2fvi https://t.co/uNyHL7W2pd
9.75917606426194E+017,2018-03-20 02:11:03,1,0,"@virsatehind @my_rajasthan Wow!!!
So beautiful.."
9.75917644762108E+017,2018-03-20 02:11:12,0,1,"Palaces, forts, tigers oh my! The #PalaceonWheels is the only way to see the best of Rajasthan with no hassle, only fun. Read all about @ciantravels trip on India's most famous train &amp; why this should be your next holiday. https://t.co/fCz30w7Oa1 #incredibleindia #indiablogtrain"
9.75920986213224E+017,2018-03-20 02:24:29,0,3,Hill forts of Rajasthan: Masterpieces of Rajputana Heritage #travel @my_rajasthan https://t.co/I7z0pt2fvi https://t.co/uNyHL7W2pd
9.75924625094803E+017,2018-03-20 02:38:57,0,123,"I am happy that I have got the opportunity to serve my people. My priorities will be the education of girls and sanitation. I want to set an example for girls on how education can help in so many ways: Shanaz Khan, youngest &amp; first MBBS Sarpanch in Bharatpur district, #Rajasthan. https://t.co/YAGzu5Juyf"
9.75930007754367E+017,2018-03-20 03:00:20,1,1,"Palaces, forts, tigers oh my! The #PalaceonWheels is the only way to see the best of Rajasthan with no hassle, only fun. Read all about @ciantravels trip on India's most famous train &amp; why this should be your next holiday. https://t.co/1tDhhMNNSx #incredibleindia #indiablogtrain"
9.75933190295695E+017,2018-03-20 03:12:59,0,1,"Palaces, forts, tigers oh my! The #PalaceonWheels is the only way to see the best of Rajasthan with no hassle, only fun. Read all about @ciantravels trip on India's most famous train &amp; why this should be your next holiday. https://t.co/1tDhhMNNSx #incredibleindia #indiablogtrain"
9.75934999471026E+017,2018-03-20 03:20:10,0,123,"I am happy that I have got the opportunity to serve my people. My priorities will be the education of girls and sanitation. I want to set an example for girls on how education can help in so many ways: Shanaz Khan, youngest &amp; first MBBS Sarpanch in Bharatpur district, #Rajasthan. https://t.co/YAGzu5Juyf"
9.7593746590627E+017,2018-03-20 03:29:58,1,0,"One of the beautiful jharokha at City Palace, Udaipur.
#jharokha #architecture #art #glassart #palace #monument #history #udaipur #Rajasthan #IncredibleIndia #tourist #traveldiaries #wanderlust #Throwback @my_rajasthan https://t.co/2bqQcRD81n"
9.75939440580309E+017,2018-03-20 03:37:49,0,0,"Mummy at Albert Hall fit, say experts

@GulabKataria @my_rajasthan @VasundharaBJP @Rathore_BJP @RajGovOfficial @AshokParnamiBJP @RameshwarDudi @ashokgehlot51 @SachinPilot @incredibleindia @VasudevDevnani @chaturvediarun1 @shrichand_nbh @AjaysinghKilak @drcpjoshi @GovindDotasra https://t.co/C6gjZRuEE7"
9.75941112631144E+017,2018-03-20 03:44:28,0,15,The desert city of #Jaiselmer is known for its sculptural wealth pertaining to #Jainism. Ceilings of its five Jain temples are beautifully decorated with sculptures of apsaras and divinities. A visit to these monuments of medieval era is lifetime experience. @my_rajasthan https://t.co/qui9Zmtm1j
9.75943319778869E+017,2018-03-20 03:53:14,0,0,"@naqvimukhtar @narendramodi One journalist SP Mittal of Rajasthan sent me a whattsapp msg that @narendramodi gave no importance to Anjumans of Dargah &amp; @naqvimukhtar did Chadarposhi himself. I replied him, he is PM &amp; faith is personal matter, why should he need any help. My reply is right or wrong ?"
9.75943467942609E+017,2018-03-20 03:53:49,0,0,Please check out my friend @JTaimeMNeither ‚Äòs great video about INDIA. Someday I‚Äôm going to Rajasthan. ‚ù§Ô∏è The Most Romantic Places in Rajasthan https://t.co/BUm41FrNYw via @YouTube
9.75944609988776E+017,2018-03-20 03:58:21,0,15,The desert city of #Jaiselmer is known for its sculptural wealth pertaining to #Jainism. Ceilings of its five Jain temples are beautifully decorated with sculptures of apsaras and divinities. A visit to these monuments of medieval era is lifetime experience. @my_rajasthan https://t.co/qui9Zmtm1j
9.75949690356359E+017,2018-03-20 04:18:33,0,15,The desert city of #Jaiselmer is known for its sculptural wealth pertaining to #Jainism. Ceilings of its five Jain temples are beautifully decorated with sculptures of apsaras and divinities. A visit to these monuments of medieval era is lifetime experience. @my_rajasthan https://t.co/qui9Zmtm1j
9.75949734455124E+017,2018-03-20 04:18:43,0,0,"Tourist season! NWR right on track to meet summer rush

@my_rajasthan @VasundharaBJP @NWRailways @RailMinIndia @GMNWRailway @DRMJaipur @GulabKataria @Rathore_BJP @PiyushGoyal @ashokgehlot51 @SachinPilot @KalicharanSaraf @shrichand_nbh @AnitaBhadelajm @RaghusharmaINC @ksph955 https://t.co/aA5kPQSXCP"
9.75949823806337E+017,2018-03-20 04:19:04,91,20,"#DidYouKnow The town of Bundi, in Rajasthan,  is known as the ‚ÄúCity of stepwells‚Äù. #IncredibleIndia 
@alphonstourism @my_rajasthan @tourismgoi"
9.75950019718206E+017,2018-03-20 04:19:51,0,20,"#DidYouKnow The town of Bundi, in Rajasthan,  is known as the ‚ÄúCity of stepwells‚Äù. #IncredibleIndia 
@alphonstourism @my_rajasthan @tourismgoi"
9.75950259971961E+017,2018-03-20 04:20:48,0,20,"#DidYouKnow The town of Bundi, in Rajasthan,  is known as the ‚ÄúCity of stepwells‚Äù. #IncredibleIndia 
@alphonstourism @my_rajasthan @tourismgoi"
9.75950303173341E+017,2018-03-20 04:20:59,0,0,@incredibleindia @alphonstourism @my_rajasthan @tourismgoi No I don't know
9.75950812533768E+017,2018-03-20 04:23:00,0,0,"@vivekagnihotri #Lingayat 

I am not so much hurt by this divisive Politics of Congress party which is expected of them, but I am extremely hurt by the inability of the BJP to do anything to stop them from doing so. BJP allowed this in Gujarat, Haryana, Rajasthan &amp; now in my state karnataka !!!"
9.75950986542973E+017,2018-03-20 04:23:42,0,0,@incredibleindia @alphonstourism @my_rajasthan @tourismgoi Whut india what.. No wonder the kids are a little more mellow and happy if they sitting around with their parents over there!
9.759509973475E+017,2018-03-20 04:23:44,0,20,"#DidYouKnow The town of Bundi, in Rajasthan,  is known as the ‚ÄúCity of stepwells‚Äù. #IncredibleIndia 
@alphonstourism @my_rajasthan @tourismgoi"
9.75951159507775E+017,2018-03-20 04:24:23,0,20,"#DidYouKnow The town of Bundi, in Rajasthan,  is known as the ‚ÄúCity of stepwells‚Äù. #IncredibleIndia 
@alphonstourism @my_rajasthan @tourismgoi"
9.75951200796402E+017,2018-03-20 04:24:33,0,20,"#DidYouKnow The town of Bundi, in Rajasthan,  is known as the ‚ÄúCity of stepwells‚Äù. #IncredibleIndia 
@alphonstourism @my_rajasthan @tourismgoi"
9.7595168350201E+017,2018-03-20 04:26:28,0,20,"#DidYouKnow The town of Bundi, in Rajasthan,  is known as the ‚ÄúCity of stepwells‚Äù. #IncredibleIndia 
@alphonstourism @my_rajasthan @tourismgoi"
9.75951725810147E+017,2018-03-20 04:26:38,0,20,"#DidYouKnow The town of Bundi, in Rajasthan,  is known as the ‚ÄúCity of stepwells‚Äù. #IncredibleIndia 
@alphonstourism @my_rajasthan @tourismgoi"
9.7595202739714E+017,2018-03-20 04:27:50,0,15,The desert city of #Jaiselmer is known for its sculptural wealth pertaining to #Jainism. Ceilings of its five Jain temples are beautifully decorated with sculptures of apsaras and divinities. A visit to these monuments of medieval era is lifetime experience. @my_rajasthan https://t.co/qui9Zmtm1j
9.75952724167606E+017,2018-03-20 04:30:36,1,1,"Gangaur procession all set to kick-off from Tripoliya Gate 

@my_rajasthan @KumariDiya @AnitaBhadelajm @VasundharaBJP @GulabKataria @Rathore_BJP @RajGovOfficial @DIPRRajasthan @AshokParnamiBJP @ITforWOMAN @AjaysinghKilak @shrichand_nbh @chaturvediarun1 @ashokgehlot51 @SachinPilot https://t.co/TfhZNlVIMu"
9.75952765988913E+017,2018-03-20 04:30:46,0,20,"#DidYouKnow The town of Bundi, in Rajasthan,  is known as the ‚ÄúCity of stepwells‚Äù. #IncredibleIndia 
@alphonstourism @my_rajasthan @tourismgoi"
9.75955059795259E+017,2018-03-20 04:39:53,0,20,"#DidYouKnow The town of Bundi, in Rajasthan,  is known as the ‚ÄúCity of stepwells‚Äù. #IncredibleIndia 
@alphonstourism @my_rajasthan @tourismgoi"
9.75956368455762E+017,2018-03-20 04:45:05,1,0,"Palaces, forts, tigers oh my! The #PalaceonWheels is the only way to see the best of Rajasthan with no hassle, only fun. Read all about @ciantravels trip on India's most famous train &amp; why this should be your next holiday. https://t.co/3iMoe3iG2K #incredibleindia #indiablogtrain"
9.75957378041459E+017,2018-03-20 04:49:05,0,375,"From Ajmer drove to Dausa evening  and gave my condolences to former Rajasthan minister Shri Murali Lal meena ji, whose brother passed away a few days ago. https://t.co/7rA5BSI64a"
9.75958227585196E+017,2018-03-20 04:52:28,0,20,"#DidYouKnow The town of Bundi, in Rajasthan,  is known as the ‚ÄúCity of stepwells‚Äù. #IncredibleIndia 
@alphonstourism @my_rajasthan @tourismgoi"
9.75958843493638E+017,2018-03-20 04:54:55,0,0,"@incredibleindia @alphonstourism @my_rajasthan @tourismgoi Interesting, didn't know this."
9.75959440527634E+017,2018-03-20 04:57:17,0,15,The desert city of #Jaiselmer is known for its sculptural wealth pertaining to #Jainism. Ceilings of its five Jain temples are beautifully decorated with sculptures of apsaras and divinities. A visit to these monuments of medieval era is lifetime experience. @my_rajasthan https://t.co/qui9Zmtm1j
9.75959817176019E+017,2018-03-20 04:58:47,0,20,"#DidYouKnow The town of Bundi, in Rajasthan,  is known as the ‚ÄúCity of stepwells‚Äù. #IncredibleIndia 
@alphonstourism @my_rajasthan @tourismgoi"
9.75959876617851E+017,2018-03-20 04:59:01,0,20,"#DidYouKnow The town of Bundi, in Rajasthan,  is known as the ‚ÄúCity of stepwells‚Äù. #IncredibleIndia 
@alphonstourism @my_rajasthan @tourismgoi"
9.75960044532482E+017,2018-03-20 04:59:41,0,20,"#DidYouKnow The town of Bundi, in Rajasthan,  is known as the ‚ÄúCity of stepwells‚Äù. #IncredibleIndia 
@alphonstourism @my_rajasthan @tourismgoi"
9.75960102380294E+017,2018-03-20 04:59:55,1,0,"Big B Amitabh (Ismail) @SrBachchan Take a Rest, #shooting #ThugsOfHindustan #jodhpur #Rajasthan #abefteam @fattysanashaikh @ilaarun21 @TOHTheFilm @yrf @RonitBoseRoy @my_rajasthan @KomalNahta @KVBohra @juniorbachchan @sureshjumani @RajnieshDuggall https://t.co/yJfxTf91vu"
9.75960224766063E+017,2018-03-20 05:00:24,0,123,"I am happy that I have got the opportunity to serve my people. My priorities will be the education of girls and sanitation. I want to set an example for girls on how education can help in so many ways: Shanaz Khan, youngest &amp; first MBBS Sarpanch in Bharatpur district, #Rajasthan. https://t.co/YAGzu5Juyf"
9.75960613011669E+017,2018-03-20 05:01:57,0,20,"#DidYouKnow The town of Bundi, in Rajasthan,  is known as the ‚ÄúCity of stepwells‚Äù. #IncredibleIndia 
@alphonstourism @my_rajasthan @tourismgoi"
9.75960731194503E+017,2018-03-20 05:02:25,0,14,"Annual Festival of Veena Group

@arjunrammeghwal @AshokLahotyBJP @shrichand_nbh @AnitaBhadelajm @RaghusharmaINC @GulabKataria @Rathore_BJP @ashokgehlot51 @SachinPilot @VasundharaBJP @my_rajasthan @VasudevDevnani @DrJyotiKiranBJP @kiransnm @ITforWOMAN @RaghusharmaINC @gtiwariindia https://t.co/9DELJ63Xqn"
9.75961102029935E+017,2018-03-20 05:03:53,0,123,"I am happy that I have got the opportunity to serve my people. My priorities will be the education of girls and sanitation. I want to set an example for girls on how education can help in so many ways: Shanaz Khan, youngest &amp; first MBBS Sarpanch in Bharatpur district, #Rajasthan. https://t.co/YAGzu5Juyf"
9.75963553386578E+017,2018-03-20 05:13:38,0,20,"#DidYouKnow The town of Bundi, in Rajasthan,  is known as the ‚ÄúCity of stepwells‚Äù. #IncredibleIndia 
@alphonstourism @my_rajasthan @tourismgoi"
9.75964375654662E+017,2018-03-20 05:16:54,0,20,"#DidYouKnow The town of Bundi, in Rajasthan,  is known as the ‚ÄúCity of stepwells‚Äù. #IncredibleIndia 
@alphonstourism @my_rajasthan @tourismgoi"
9.75964874265285E+017,2018-03-20 05:18:53,0,20,"#DidYouKnow The town of Bundi, in Rajasthan,  is known as the ‚ÄúCity of stepwells‚Äù. #IncredibleIndia 
@alphonstourism @my_rajasthan @tourismgoi"
9.75964881978647E+017,2018-03-20 05:18:55,0,0,"Retweeted Incredible!ndia (@incredibleindia):

#DidYouKnow The town of Bundi, in Rajasthan,  is known as the ‚ÄúCity of stepwells‚Äù. #IncredibleIndia 
@alphonstourism @my_rajasthan @tourismgoi"
9.75965239593271E+017,2018-03-20 05:20:20,0,44,"Stunning Bikaner! 
PC: The Quirky wanderer @DivsiGupta #Fanshare @alphonstourism @my_rajasthan @tourismgoi https://t.co/W15Vyjr3ys"
9.75965528509444E+017,2018-03-20 05:21:29,0,20,"#DidYouKnow The town of Bundi, in Rajasthan,  is known as the ‚ÄúCity of stepwells‚Äù. #IncredibleIndia 
@alphonstourism @my_rajasthan @tourismgoi"
9.75966139766354E+017,2018-03-20 05:23:54,0,15,The desert city of #Jaiselmer is known for its sculptural wealth pertaining to #Jainism. Ceilings of its five Jain temples are beautifully decorated with sculptures of apsaras and divinities. A visit to these monuments of medieval era is lifetime experience. @my_rajasthan https://t.co/qui9Zmtm1j
9.75968411414159E+017,2018-03-20 05:32:56,0,15,The desert city of #Jaiselmer is known for its sculptural wealth pertaining to #Jainism. Ceilings of its five Jain temples are beautifully decorated with sculptures of apsaras and divinities. A visit to these monuments of medieval era is lifetime experience. @my_rajasthan https://t.co/qui9Zmtm1j
9.75969363344859E+017,2018-03-20 05:36:43,0,20,"#DidYouKnow The town of Bundi, in Rajasthan,  is known as the ‚ÄúCity of stepwells‚Äù. #IncredibleIndia 
@alphonstourism @my_rajasthan @tourismgoi"
9.75969751749947E+017,2018-03-20 05:38:16,0,20,"#DidYouKnow The town of Bundi, in Rajasthan,  is known as the ‚ÄúCity of stepwells‚Äù. #IncredibleIndia 
@alphonstourism @my_rajasthan @tourismgoi"
9.75969993534816E+017,2018-03-20 05:39:13,0,14,"Annual Festival of Veena Group

@arjunrammeghwal @AshokLahotyBJP @shrichand_nbh @AnitaBhadelajm @RaghusharmaINC @GulabKataria @Rathore_BJP @ashokgehlot51 @SachinPilot @VasundharaBJP @my_rajasthan @VasudevDevnani @DrJyotiKiranBJP @kiransnm @ITforWOMAN @RaghusharmaINC @gtiwariindia https://t.co/9DELJ63Xqn"
9.75970009439589E+017,2018-03-20 05:39:17,0,14,"Annual Festival of Veena Group

@arjunrammeghwal @AshokLahotyBJP @shrichand_nbh @AnitaBhadelajm @RaghusharmaINC @GulabKataria @Rathore_BJP @ashokgehlot51 @SachinPilot @VasundharaBJP @my_rajasthan @VasudevDevnani @DrJyotiKiranBJP @kiransnm @ITforWOMAN @RaghusharmaINC @gtiwariindia https://t.co/9DELJ63Xqn"
9.75970043954545E+017,2018-03-20 05:39:25,0,14,"Annual Festival of Veena Group

@arjunrammeghwal @AshokLahotyBJP @shrichand_nbh @AnitaBhadelajm @RaghusharmaINC @GulabKataria @Rathore_BJP @ashokgehlot51 @SachinPilot @VasundharaBJP @my_rajasthan @VasudevDevnani @DrJyotiKiranBJP @kiransnm @ITforWOMAN @RaghusharmaINC @gtiwariindia https://t.co/9DELJ63Xqn"
9.7597005623545E+017,2018-03-20 05:39:28,0,14,"Annual Festival of Veena Group

@arjunrammeghwal @AshokLahotyBJP @shrichand_nbh @AnitaBhadelajm @RaghusharmaINC @GulabKataria @Rathore_BJP @ashokgehlot51 @SachinPilot @VasundharaBJP @my_rajasthan @VasudevDevnani @DrJyotiKiranBJP @kiransnm @ITforWOMAN @RaghusharmaINC @gtiwariindia https://t.co/9DELJ63Xqn"
9.7597006993406E+017,2018-03-20 05:39:31,0,14,"Annual Festival of Veena Group

@arjunrammeghwal @AshokLahotyBJP @shrichand_nbh @AnitaBhadelajm @RaghusharmaINC @GulabKataria @Rathore_BJP @ashokgehlot51 @SachinPilot @VasundharaBJP @my_rajasthan @VasudevDevnani @DrJyotiKiranBJP @kiransnm @ITforWOMAN @RaghusharmaINC @gtiwariindia https://t.co/9DELJ63Xqn"
9.75970096634933E+017,2018-03-20 05:39:38,0,14,"Annual Festival of Veena Group

@arjunrammeghwal @AshokLahotyBJP @shrichand_nbh @AnitaBhadelajm @RaghusharmaINC @GulabKataria @Rathore_BJP @ashokgehlot51 @SachinPilot @VasundharaBJP @my_rajasthan @VasudevDevnani @DrJyotiKiranBJP @kiransnm @ITforWOMAN @RaghusharmaINC @gtiwariindia https://t.co/9DELJ63Xqn"
9.75970112539845E+017,2018-03-20 05:39:42,0,14,"Annual Festival of Veena Group

@arjunrammeghwal @AshokLahotyBJP @shrichand_nbh @AnitaBhadelajm @RaghusharmaINC @GulabKataria @Rathore_BJP @ashokgehlot51 @SachinPilot @VasundharaBJP @my_rajasthan @VasudevDevnani @DrJyotiKiranBJP @kiransnm @ITforWOMAN @RaghusharmaINC @gtiwariindia https://t.co/9DELJ63Xqn"
9.75970349715108E+017,2018-03-20 05:40:38,0,14,"Annual Festival of Veena Group

@arjunrammeghwal @AshokLahotyBJP @shrichand_nbh @AnitaBhadelajm @RaghusharmaINC @GulabKataria @Rathore_BJP @ashokgehlot51 @SachinPilot @VasundharaBJP @my_rajasthan @VasudevDevnani @DrJyotiKiranBJP @kiransnm @ITforWOMAN @RaghusharmaINC @gtiwariindia https://t.co/9DELJ63Xqn"
9.75970362767811E+017,2018-03-20 05:40:41,0,14,"Annual Festival of Veena Group

@arjunrammeghwal @AshokLahotyBJP @shrichand_nbh @AnitaBhadelajm @RaghusharmaINC @GulabKataria @Rathore_BJP @ashokgehlot51 @SachinPilot @VasundharaBJP @my_rajasthan @VasudevDevnani @DrJyotiKiranBJP @kiransnm @ITforWOMAN @RaghusharmaINC @gtiwariindia https://t.co/9DELJ63Xqn"
9.75970376021819E+017,2018-03-20 05:40:44,0,14,"Annual Festival of Veena Group

@arjunrammeghwal @AshokLahotyBJP @shrichand_nbh @AnitaBhadelajm @RaghusharmaINC @GulabKataria @Rathore_BJP @ashokgehlot51 @SachinPilot @VasundharaBJP @my_rajasthan @VasudevDevnani @DrJyotiKiranBJP @kiransnm @ITforWOMAN @RaghusharmaINC @gtiwariindia https://t.co/9DELJ63Xqn"
9.75970390357918E+017,2018-03-20 05:40:48,0,14,"Annual Festival of Veena Group

@arjunrammeghwal @AshokLahotyBJP @shrichand_nbh @AnitaBhadelajm @RaghusharmaINC @GulabKataria @Rathore_BJP @ashokgehlot51 @SachinPilot @VasundharaBJP @my_rajasthan @VasudevDevnani @DrJyotiKiranBJP @kiransnm @ITforWOMAN @RaghusharmaINC @gtiwariindia https://t.co/9DELJ63Xqn"
9.75970587045659E+017,2018-03-20 05:41:35,0,0,"So beautiful place #Jaipur with Royalty 
Today it's Celebrating #GangaurFestival 
It's aBeautiful experience... Ever.....üòç
 @my_rajasthan"
9.75971361259627E+017,2018-03-20 05:44:39,0,1,"Gangaur procession all set to kick-off from Tripoliya Gate 

@my_rajasthan @KumariDiya @AnitaBhadelajm @VasundharaBJP @GulabKataria @Rathore_BJP @RajGovOfficial @DIPRRajasthan @AshokParnamiBJP @ITforWOMAN @AjaysinghKilak @shrichand_nbh @chaturvediarun1 @ashokgehlot51 @SachinPilot https://t.co/TfhZNlVIMu"
9.75971410613973E+017,2018-03-20 05:44:51,0,14,"Annual Festival of Veena Group

@arjunrammeghwal @AshokLahotyBJP @shrichand_nbh @AnitaBhadelajm @RaghusharmaINC @GulabKataria @Rathore_BJP @ashokgehlot51 @SachinPilot @VasundharaBJP @my_rajasthan @VasudevDevnani @DrJyotiKiranBJP @kiransnm @ITforWOMAN @RaghusharmaINC @gtiwariindia https://t.co/9DELJ63Xqn"
9.75972139500233E+017,2018-03-20 05:47:45,0,0,"#RajasthanITDay
Rajasthan provides the best IT infrastructure &amp; ease of doing business, it is a place to be in for IT startups"
9.75974284903567E+017,2018-03-20 05:56:16,22,4,"The charm of the Mewar Festival gathers thousands and leaves them spellbound!
The people of #Udaipur participate in a joyful frame of mind &amp; relish each moment to make grand memories like every year and await the arrival of next year‚Äôs Mewar Festival with eagerness.
#MyRajasthan https://t.co/w6R3LbejjU"
9.75974289286591E+017,2018-03-20 05:56:17,0,0,"Everyone is super excited on my TL now! Hurray Explore &amp; adapt to the new innovations in Rajasthan!
36 hours hackathon
#RajasthanITDay"
9.75975280878768E+017,2018-03-20 06:00:14,0,0,"Scattered light to moderate #rain and thundershower are expected over North and East #Rajasthan, #MadhyaPradesh, #Punjab, #Vidarbha, #Kerala and Coastal #Karnataka.: https://t.co/Q2F8hyzw1Z #weatherforecast @my_rajasthan @TOITopStories"
9.75979072831439E+017,2018-03-20 06:15:18,0,0,"A symbol of faith, love and family harmony, greetings and best wishes to all of the Gangaur feast on my family. I wish to gangaur mother that this festival, which reflects the glorious culture of Rajasthan, brings immense happiness and prosperity to all life"
9.75979737939173E+017,2018-03-20 06:17:57,0,0,"#RajasthanITDay
Be smart, start an IT business in Rajasthan which provides the best IT infrastructure &amp; worldwide reach"
9.75982772815843E+017,2018-03-20 06:30:00,0,0,"Palaces, forts, tigers oh my! The #PalaceonWheels is the only way to see the best of Rajasthan with no hassle, only fun. Read all about @ciantravels trip on India's most famous train &amp; why this should be your next holiday. https://t.co/cwcXaJdxsg #incredibleindia #indiablogtrain"
9.75982997496312E+017,2018-03-20 06:30:54,0,0,#RajasthanITDay Everyone on my tl is looking excited to Celebrate the technological success in Rajasthan today
9.7598323683176E+017,2018-03-20 06:31:51,0,0,#RajasthanITDay Everyone on my tl is looking excited to Celebrate the technological success in Rajasthan today
9.75983524393181E+017,2018-03-20 06:32:59,5,0,". @rajsingharora26 We are glad you had a great time in Rajasthan. Hospitality and warmth are our primary virtues and people here are always keen on introducing you to new experiences. By Looking at your selfie, don't you think even camels here are such posers? üòä https://t.co/Ir6icFB3kk"
9.75984244576068E+017,2018-03-20 06:35:51,0,3,Hill forts of Rajasthan: Masterpieces of Rajputana Heritage #travel @my_rajasthan https://t.co/I7z0pt2fvi https://t.co/uNyHL7W2pd
9.75984482971828E+017,2018-03-20 06:36:48,0,0,#RajasthanITDay Everyone on my tl is looking excited to Celebrate the technological success in Rajasthan today!!!!
9.75984874275324E+017,2018-03-20 06:38:21,0,15,The desert city of #Jaiselmer is known for its sculptural wealth pertaining to #Jainism. Ceilings of its five Jain temples are beautifully decorated with sculptures of apsaras and divinities. A visit to these monuments of medieval era is lifetime experience. @my_rajasthan https://t.co/qui9Zmtm1j
9.75986832256123E+017,2018-03-20 06:46:08,0,15,The desert city of #Jaiselmer is known for its sculptural wealth pertaining to #Jainism. Ceilings of its five Jain temples are beautifully decorated with sculptures of apsaras and divinities. A visit to these monuments of medieval era is lifetime experience. @my_rajasthan https://t.co/qui9Zmtm1j
9.75986918528823E+017,2018-03-20 06:46:28,0,14,"Annual Festival of Veena Group

@arjunrammeghwal @AshokLahotyBJP @shrichand_nbh @AnitaBhadelajm @RaghusharmaINC @GulabKataria @Rathore_BJP @ashokgehlot51 @SachinPilot @VasundharaBJP @my_rajasthan @VasudevDevnani @DrJyotiKiranBJP @kiransnm @ITforWOMAN @RaghusharmaINC @gtiwariindia https://t.co/9DELJ63Xqn"
9.75987021691924E+017,2018-03-20 06:46:53,0,0,Wishing everyone a #HappyGangaur festival. May #LordShiva and #GodessParvati bless the married with eternal conjugal bliss and the unmarried with a wonderful spouse. #festivalsofrajasthan @my_rajasthan #rangeelorajasthan #padharomharedes #colours #vibrance #festivity #happiness https://t.co/270RyrMKuu
9.75987791422108E+017,2018-03-20 06:49:57,1,1,Another occasion to celebrate Rajasthani culture..........
#gangore #janekyadikhjaye,,,,
@therootsofindia @my_rajasthan https://t.co/9FdbzeeUGC,,,,
9.75988891185422E+017,2018-03-20 06:54:19,0,0,@StarSportsIndia Guys guess when my favorite Rajasthan royals will play who will win #BESTvsBEST
9.75991746122273E+017,2018-03-20 07:05:39,0,0,"@jigneshgohel Hello @jigneshgohel, the dates for this year are 20th-21st March."
9.75992254115402E+017,2018-03-20 07:07:41,0,0,@vijayindrtanaya Thanks for the kind words. Rajasthan indeed is a state filled with lively culture and rich heritage.
9.75992825769701E+017,2018-03-20 07:09:57,0,1,Another occasion to celebrate Rajasthani culture..........
#gangore #janekyadikhjaye,,,,
@therootsofindia @my_rajasthan https://t.co/9FdbzeeUGC,,,,
9.75992969248498E+017,2018-03-20 07:10:31,0,0,"@bhuvanhere @incredibleindia Being one if the most important festivals of Rajasthan, #Gangaur is celebrated across the state with an umpteen level of royalty and grace."
9.7599318865254E+017,2018-03-20 07:11:23,0,0,@sukhdevgogamedi @amu_pal @Samapt21 @RRkarnisena @ETV_Rajasthan @IYogitaSingh Well done my friend
9.72278316408373E+017,2018-03-10 01:09:49,0,1,"Amer (Amber) Fort, Jaipur, India #amerfort #amerfortjaipur #amberfort #amberfortjaipur #jaipur #india #visitjaipur https://t.co/xbYDJss0Px https://t.co/TNun0KgF66"
9.72278347857351E+017,2018-03-10 01:09:56,0,1,"Amer (Amber) Fort, Jaipur, India #amerfort #amerfortjaipur #amberfort #amberfortjaipur #jaipur #india #visitjaipur https://t.co/k5KE5TsGMp https://t.co/lTRntgaj3J"
9.72452374165033E+017,2018-03-10 12:41:27,0,0,"Tour guide, Amer (Amber) Fort, Jaipur, India #amerfort #amerfortjaipur #amberfort #amberfortjaipur #jaipur #india #visitjaipur https://t.co/x5Fnv3stFW https://t.co/eh7FhkqltE"
9.7247330284E+017,2018-03-10 14:04:37,1,0,"#_hawamahal #_windpalace #_jalmahal #_amerFort #_waterpalace . Love Jaipur ‚ù§Ô∏è . Credit :@kuldeepverma2426 . Thanks Kuldeep for sharing this wonderful image with us, we are glad to feature on our page, have good day. . #hawamahal #windpalace #jalmahal‚Ä¶ https://t.co/XNqusBqyL9 https://t.co/2Er2cNPuUC"
9.72753552954175E+017,2018-03-11 08:38:14,0,0,"Umbrella lovin' ‚òî‚òÄüåû

#FlexciaInRajasthan #Rajasthan #Jaipur #AmberPalace #AmerFort #umbrella‚Ä¶ https://t.co/t00PB0EaIs"
9.72861126118662E+017,2018-03-11 15:45:42,0,0,"Amer (Amber) Fort, Jaipur, India #amerfort #amerfortjaipur #amberfort #amberfortjaipur #jaipur #india #visitjaipur https://t.co/lNh1yZspNC https://t.co/Kg7rGiiTaD"
9.72861481351074E+017,2018-03-11 15:47:06,1,0,"Amer (Amber) Fort, Jaipur, India #amerfort #amerfortjaipur #amberfort #amberfortjaipur #jaipur #india #visitjaipur https://t.co/nywbm80OeX https://t.co/3ecCKQVFl5"
9.72861894557041E+017,2018-03-11 15:48:45,0,0,"Amer (Amber) Fort, Jaipur, India #amerfort #amerfortjaipur #amberfort #amberfortjaipur #jaipur #india #visitjaipur https://t.co/vGwwMERpu5 https://t.co/7zZmLjmfzN"
9.72867781388653E+017,2018-03-11 16:12:08,0,0,Amer Fort.2014.  #amerfort #jaipur #rajasthan #fort #hindu #elephant #unesco #india #asia‚Ä¶ https://t.co/CbSxw1idkj
9.73012222761845E+017,2018-03-12 01:46:06,0,0,"#_hawamahal #_windpalace #_jalmahal #_amerFort #_waterpalace . The beautiful pink city in the world of pure imaginations. . Credit :@alphayaatri . Thanks Santshree for sharing this wonderful image with us, we are glad to feature on our page.. Hawa mahal‚Ä¶ https://t.co/pRt0Q2Weg7 https://t.co/RwDdWyfOjD"
9.73191143902003E+017,2018-03-12 13:37:04,0,2,It‚Äôs all in the details ‚ú® This beautiful structure behind me was painted using pure vegetables colors! Can you believe that üò± #AmberFort #AmerFort #Jaipur #India https://t.co/HtXWKnOdcM https://t.co/DkGA6zX8iJ
9.73191388555702E+017,2018-03-12 13:38:02,0,3,3 marias üòç So happy to be traveling with these girls again ‚ù§Ô∏è #AmerFort #Jaipur #India https://t.co/IPh8hOxLsY https://t.co/HZ6N1JSNsV
9.73261369817657E+017,2018-03-12 18:16:07,0,0,"#amerfort
#amerfortjaipur
#visitjaipur @ Amer Fort,Jaipur City https://t.co/lYlLtNxePq"
9.73398595234775E+017,2018-03-13 03:21:24,0,0,"India in action 
#latepost #amerfort #newdelhi @ Amer Fort https://t.co/M3of0Gi8o0"
9.73453877805814E+017,2018-03-13 07:01:05,0,0,"#edadmin Amer (Amber) Fort, Jaipur, India #amerfort #amerfortjaipur #amberfort #amberfortjaipur #jaipur #india #visitjaipur https://t.co/NB8J0y33gL https://t.co/wU0mDNFxWP"
9.73453879563219E+017,2018-03-13 07:01:05,0,0,"#edadmin Amer (Amber) Fort, Jaipur, India #amerfort #amerfortjaipur #amberfort #amberfortjaipur #jaipur #india #visitjaipur https://t.co/ya0jQdwdZz https://t.co/aGhO1ySfiL"
9.73453881618391E+017,2018-03-13 07:01:05,0,0,"#edadmin Amer (Amber) Fort, Jaipur, India #amerfort #amerfortjaipur #amberfort #amberfortjaipur #jaipur #india #visitjaipur https://t.co/vdQr8miQZA https://t.co/3DBUCVgw4a"
9.73566854458499E+017,2018-03-13 14:30:00,0,0,"Have you ever visited #India or planning to? Than you should check out post of the 2 of many #wonders of this colourful #country - Golden Temple and #AmerFort!
https://t.co/tt7uhgM2xr https://t.co/L8ntHaAXFK"
9.73714711823995E+017,2018-03-14 00:17:32,0,0,"View outside Amer Fort.
.
.
.
.
.
.
#throwback #latepost #amerfort #jaipurcity‚Ä¶ https://t.co/uIT4XAsV1v"
9.73827058521518E+017,2018-03-14 07:43:58,0,0,#IncredibleIndia: Endless hues of Sand colored neutrals at the Amer Fort in Jaipur.  With aged Charcoal outlines forming their own intricate patterns. Constantly inspired by our beautiful country! ‚≠êÔ∏è #Inspiration #AmerFort #Jaipur #MadeInIndia https://t.co/PVTNfQMGDR
9.74151587739382E+017,2018-03-15 05:13:32,0,0,#throwback #throwbackthursday to taw22 and Saurabh's portrait session amerfort in #jaipur‚Ä¶ https://t.co/tbyPP1P6Dc
9.74159441066017E+017,2018-03-15 05:44:44,1,0,"#INDIA: Iconic #Tourist Spots 

#TajMahal &amp; #FatehpurSikri
#Ajanta &amp; #Ellora
#HumayunTomb, #QutubMinar &amp; #RedFort 
#ColvaBeach
#AmerFort
#Somnath &amp; #Dholavira
#Khajuraho
#Hampi
#Mahablipuram
#Kaziranga
#Kumarakom
#MahabodhiTemple

https://t.co/HM3rCBWBWJ"
9.74164826183406E+017,2018-03-15 06:06:08,8,4,"Amer fort is the jewel of #Jaipur , with its majesty, beautiful architecture and its rich history. #amerfort #Jaipur #Rajasthan #IncredibleIndia @my_rajasthan @ResurgentRaj @resurgent @We_Are_Jaipur @WeAreRajasthan @OhMyRajasthan @WeAreMewar @incredibleindia  @DiscoveryIN https://t.co/xeBEsy9jOP"
9.74165714050445E+017,2018-03-15 06:09:40,0,4,"Amer fort is the jewel of #Jaipur , with its majesty, beautiful architecture and its rich history. #amerfort #Jaipur #Rajasthan #IncredibleIndia @my_rajasthan @ResurgentRaj @resurgent @We_Are_Jaipur @WeAreRajasthan @OhMyRajasthan @WeAreMewar @incredibleindia  @DiscoveryIN https://t.co/xeBEsy9jOP"
9.74165888902419E+017,2018-03-15 06:10:21,0,4,"Amer fort is the jewel of #Jaipur , with its majesty, beautiful architecture and its rich history. #amerfort #Jaipur #Rajasthan #IncredibleIndia @my_rajasthan @ResurgentRaj @resurgent @We_Are_Jaipur @WeAreRajasthan @OhMyRajasthan @WeAreMewar @incredibleindia  @DiscoveryIN https://t.co/xeBEsy9jOP"
9.74171246542905E+017,2018-03-15 06:31:39,0,4,"Amer fort is the jewel of #Jaipur , with its majesty, beautiful architecture and its rich history. #amerfort #Jaipur #Rajasthan #IncredibleIndia @my_rajasthan @ResurgentRaj @resurgent @We_Are_Jaipur @WeAreRajasthan @OhMyRajasthan @WeAreMewar @incredibleindia  @DiscoveryIN https://t.co/xeBEsy9jOP"
9.74212145188454E+017,2018-03-15 09:14:10,0,0,Recent photographs taken of Amerfort Jaipur during my visit to Jaipur last week.I have visited it minimum 05 times earlier. Every time it bewitched me.@VisitJaipur https://t.co/hGVXvrcblF
9.74496410002277E+017,2018-03-16 04:03:44,0,1,Step well of Jaipur #ancientcity #amerfort #history #throwback @‚Ä¶ https://t.co/mzK04x88Hp
9.74497920224547E+017,2018-03-16 04:09:44,0,1,Step well of Jaipur #ancientcity #amerfort #history #throwback @‚Ä¶ https://t.co/mzK04x88Hp
9.7494625726004E+017,2018-03-17 09:51:16,0,4,"Amer fort is the jewel of #Jaipur , with its majesty, beautiful architecture and its rich history. #amerfort #Jaipur #Rajasthan #IncredibleIndia @my_rajasthan @ResurgentRaj @resurgent @We_Are_Jaipur @WeAreRajasthan @OhMyRajasthan @WeAreMewar @incredibleindia  @DiscoveryIN https://t.co/xeBEsy9jOP"
9.72351391850226E+017,2018-03-10 06:00:11,1,0,"Envelop yourself in serenity!

Lay back in composure and snooze up from the chaos while you have a delightful stay at The Fern Ratan Villas Resort, Mount Abu.

Book your stay now: https://t.co/NRNzy9ZDzx

#TheFern #RatanVillas #MountAbu #BookNow https://t.co/3XSghJdDJJ"
9.72535205629018E+017,2018-03-10 18:10:36,0,0,"#MountAbu Blast in petrol pump due to short circuit at abu road. No major casualties held. Police reached at spot.
@PoliceRajasthan 
@GulabKataria 
@AshokParnamiBJP 
@RameshwarDudi 
@Archana_S_Cong 
@PSKhachariyawas 
@KalicharanSaraf 
@AjaysinghKilak
@Rathore_BJP 
@ashokgehlot51"
9.72537482360144E+017,2018-03-10 18:19:39,0,9,"Between earth &amp; sky.., nothing can match our Dadis‚Äô love at @brahmakumarisHQ
Through love &amp; compassion they share invaluable lessons, shower spiritual gifts &amp; guide us to cherish simple beauty of life. 
Precious moments with @dadiratanmohini,
Dadi Rukmani 
#MountAbu #Shantivan https://t.co/Rks71DCV11"
9.72695851914031E+017,2018-03-11 04:48:57,0,12,Those who have the speciality of #Determination in their every thought achieve great things. #DadiRatanMohini #MountAbu #Madhuban #WeekendWisdom https://t.co/tneOZhHDKZ
9.72889706164662E+017,2018-03-11 17:39:16,0,0,"#MountAbu Police arrest one youth at Abu road along with 1 kg 600gm opium. Youth akhatar lives in Ghosi colony. 
@PoliceRajasthan 
@GulabKataria 
@AshokParnamiBJP 
@RameshwarDudi 
@Archana_S_Cong 
@PSKhachariyawas 
@KalicharanSaraf 
@GovindDotasra 
@Rathore_BJP 
@chaturvediarun1"
9.73081243561607E+017,2018-03-12 06:20:22,4,2,"Picturesque Nakki Lake in Mount Abu ,Rajasthan. 

#travel #TravelPhotography #TravelBlogger #photooftheday #photography #Rajasthan #MountAbu #Vacation https://t.co/odBV8VId0S"
9.73084643607139E+017,2018-03-12 06:33:52,0,2,"Picturesque Nakki Lake in Mount Abu ,Rajasthan. 

#travel #TravelPhotography #TravelBlogger #photooftheday #photography #Rajasthan #MountAbu #Vacation https://t.co/odBV8VId0S"
9.73564895076737E+017,2018-03-13 14:22:13,3,0,Favorite destination in Universe üòç @udaipurblog @MountAbu https://t.co/8VqmgTXkBE
9.73746779408798E+017,2018-03-14 02:24:58,0,0,Mount Abu Wildlife¬†Sanctuary https://t.co/c86UnnooZu https://t.co/OsoTIvr6Xg
9.73924050509603E+017,2018-03-14 14:09:22,2,0,"My tuv automatic on city,highway and Mountabu excellent performance ,no complaints ...
This should shut the mouth of sceptic s and nay sayers https://t.co/EVd7CuiqK2"
9.73925852046967E+017,2018-03-14 14:16:32,1,0,"@anandmahindra My tuv automatic on city,highway and Mountabu excellent performance ,no complaints ...
This should shut the mouth of sceptic s and nay sayers https://t.co/wdwnOeXAyw"
9.73926095345959E+017,2018-03-14 14:17:30,6,4,"@GoenkaPk My tuv automatic on city,highway and Mountabu excellent performance ,no complaints ...
This should shut the mouth of sceptic s and nay sayers https://t.co/F3KS8QQtbG"
9.73961742232511E+017,2018-03-14 16:39:09,0,0,¬©1950s Hall of Dilwara Jain Temples at #MountAbu https://t.co/hWZzh1BkYF
9.73976335440851E+017,2018-03-14 17:37:08,1,0,@Neelakkavi @dipika_bajpai Sir these vipers are very commonly seen in @MountAbu
9.73979606435811E+017,2018-03-14 17:50:08,1,0,@mrchandresh @dipika_bajpai @MountAbu Yes all over India it is commonly found.
9.74229873446175E+017,2018-03-15 10:24:36,1,1,"The Palace Hotel, earlier known as Bikaner House is one of the most prominent heritage hotels located in Mount Abu, the only hill station of Rajasthan.  https://t.co/gVIyOMdUKz    #HHI  #heritagehotel  #mountabu https://t.co/tzEZcU4Smi"
9.74230243358757E+017,2018-03-15 10:26:04,0,1,"The Palace Hotel, earlier known as Bikaner House is one of the most prominent heritage hotels located in Mount Abu, the only hill station of Rajasthan.  https://t.co/gVIyOMdUKz    #HHI  #heritagehotel  #mountabu https://t.co/tzEZcU4Smi"
9.7424794828347E+017,2018-03-15 11:36:26,8,0,"A little piece of everywhere I go becomes a big part of everything I do‚ù§Ô∏è
#Wanderlust #Wanderers #ThrowbackThursday #2016 #traveldiaries #mountAbu #rajasthan #travelpics #globaltraveler #travel #traveler #traveling #travels #trip https://t.co/8E6MUFzjT6"
9.74472826920071E+017,2018-03-16 02:30:01,0,4,"@GoenkaPk My tuv automatic on city,highway and Mountabu excellent performance ,no complaints ...
This should shut the mouth of sceptic s and nay sayers https://t.co/F3KS8QQtbG"
9.74476253741724E+017,2018-03-16 02:43:38,0,4,"@GoenkaPk My tuv automatic on city,highway and Mountabu excellent performance ,no complaints ...
This should shut the mouth of sceptic s and nay sayers https://t.co/F3KS8QQtbG"
9.74478482322342E+017,2018-03-16 02:52:29,0,4,"@GoenkaPk My tuv automatic on city,highway and Mountabu excellent performance ,no complaints ...
This should shut the mouth of sceptic s and nay sayers https://t.co/F3KS8QQtbG"
9.74481325611672E+017,2018-03-16 03:03:47,0,4,"@GoenkaPk My tuv automatic on city,highway and Mountabu excellent performance ,no complaints ...
This should shut the mouth of sceptic s and nay sayers https://t.co/F3KS8QQtbG"
9.74577153948996E+017,2018-03-16 09:24:34,2,1,@kendentshering @BJP4India @AmitShah @narendramodi @narendramodi_in They won‚Äôt ..... look at bjp of @MountAbu .... recent state VP is convicted for attempting to murder a journalist
9.74577291698188E+017,2018-03-16 09:25:07,0,1,@kendentshering @BJP4India @AmitShah @narendramodi @narendramodi_in They won‚Äôt ..... look at bjp of @MountAbu .... recent state VP is convicted for attempting to murder a journalist
9.74602435401413E+017,2018-03-16 11:05:02,0,0,"#Hillstation #Mountabu #lakes #hillstationofrajasthan #Rajsthan #Tourism #Rajasthantour #tourpackages 
visit :- https://t.co/vLpLCcTslC https://t.co/KJtGhdVGBy"
9.75243717736108E+017,2018-03-18 05:33:16,2,0,"""The best view comes after the hardest climb.""

#mountabutrip #mountabudiaries #mountabu‚Ä¶ https://t.co/5PO5UVpfXl"
972535205629018112,2018-03-10 18:10:36,0,972535205629018112,0,"#MountAbu Blast in petrol pump due to short circuit at abu road. No major casualties held. Police reached at spot.
@PoliceRajasthan 
@GulabKataria 
@AshokParnamiBJP 
@RameshwarDudi 
@Archana_S_Cong 
@PSKhachariyawas 
@KalicharanSaraf 
@AjaysinghKilak
@Rathore_BJP 
@ashokgehlot51"
972537482360143872,2018-03-10 18:19:39,0,972537482360143872,9,"Between earth &amp; sky.., nothing can match our Dadis‚Äô love at @brahmakumarisHQ
Through love &amp; compassion they share invaluable lessons, shower spiritual gifts &amp; guide us to cherish simple beauty of life. 
Precious moments with @dadiratanmohini,
Dadi Rukmani 
#MountAbu #Shantivan https://t.co/Rks71DCV11"
972695851914031104,2018-03-11 04:48:57,0,972695851914031104,12,Those who have the speciality of #Determination in their every thought achieve great things. #DadiRatanMohini #MountAbu #Madhuban #WeekendWisdom https://t.co/tneOZhHDKZ
972889706164662272,2018-03-11 17:39:16,0,972889706164662272,0,"#MountAbu Police arrest one youth at Abu road along with 1 kg 600gm opium. Youth akhatar lives in Ghosi colony. 
@PoliceRajasthan 
@GulabKataria 
@AshokParnamiBJP 
@RameshwarDudi 
@Archana_S_Cong 
@PSKhachariyawas 
@KalicharanSaraf 
@GovindDotasra 
@Rathore_BJP 
@chaturvediarun1"
973081243561607168,2018-03-12 06:20:22,4,973081243561607168,2,"Picturesque Nakki Lake in Mount Abu ,Rajasthan. 

#travel #TravelPhotography #TravelBlogger #photooftheday #photography #Rajasthan #MountAbu #Vacation https://t.co/odBV8VId0S"
973084643607138304,2018-03-12 06:33:52,0,973084643607138304,2,"Picturesque Nakki Lake in Mount Abu ,Rajasthan. 

#travel #TravelPhotography #TravelBlogger #photooftheday #photography #Rajasthan #MountAbu #Vacation https://t.co/odBV8VId0S"
973564895076737024,2018-03-13 14:22:13,3,973564895076737024,0,Favorite destination in Universe üòç @udaipurblog @MountAbu https://t.co/8VqmgTXkBE
973746779408797696,2018-03-14 02:24:58,0,973746779408797696,0,Mount Abu Wildlife¬†Sanctuary https://t.co/c86UnnooZu https://t.co/OsoTIvr6Xg
973924050509602818,2018-03-14 14:09:22,2,973924050509602818,0,"My tuv automatic on city,highway and Mountabu excellent performance ,no complaints ...
This should shut the mouth of sceptic s and nay sayers https://t.co/EVd7CuiqK2"
973925852046966785,2018-03-14 14:16:32,1,973925852046966785,0,"@anandmahindra My tuv automatic on city,highway and Mountabu excellent performance ,no complaints ...
This should shut the mouth of sceptic s and nay sayers https://t.co/wdwnOeXAyw"
973926095345958918,2018-03-14 14:17:30,6,973926095345958918,4,"@GoenkaPk My tuv automatic on city,highway and Mountabu excellent performance ,no complaints ...
This should shut the mouth of sceptic s and nay sayers https://t.co/F3KS8QQtbG"
973961742232510465,2018-03-14 16:39:09,0,973961742232510465,0,¬©1950s Hall of Dilwara Jain Temples at #MountAbu https://t.co/hWZzh1BkYF
973976335440850944,2018-03-14 17:37:08,1,973976335440850944,0,@Neelakkavi @dipika_bajpai Sir these vipers are very commonly seen in @MountAbu
973979606435811328,2018-03-14 17:50:08,1,973979606435811328,0,@mrchandresh @dipika_bajpai @MountAbu Yes all over India it is commonly found.
974229873446174721,2018-03-15 10:24:36,1,974229873446174721,1,"The Palace Hotel, earlier known as Bikaner House is one of the most prominent heritage hotels located in Mount Abu, the only hill station of Rajasthan.  https://t.co/gVIyOMdUKz    #HHI  #heritagehotel  #mountabu https://t.co/tzEZcU4Smi"
974230243358756865,2018-03-15 10:26:04,0,974230243358756865,1,"The Palace Hotel, earlier known as Bikaner House is one of the most prominent heritage hotels located in Mount Abu, the only hill station of Rajasthan.  https://t.co/gVIyOMdUKz    #HHI  #heritagehotel  #mountabu https://t.co/tzEZcU4Smi"
974247948283469825,2018-03-15 11:36:26,8,974247948283469825,0,"A little piece of everywhere I go becomes a big part of everything I do‚ù§Ô∏è
#Wanderlust #Wanderers #ThrowbackThursday #2016 #traveldiaries #mountAbu #rajasthan #travelpics #globaltraveler #travel #traveler #traveling #travels #trip https://t.co/8E6MUFzjT6"
974472826920071170,2018-03-16 02:30:01,0,974472826920071170,4,"@GoenkaPk My tuv automatic on city,highway and Mountabu excellent performance ,no complaints ...
This should shut the mouth of sceptic s and nay sayers https://t.co/F3KS8QQtbG"
974476253741723649,2018-03-16 02:43:38,0,974476253741723649,4,"@GoenkaPk My tuv automatic on city,highway and Mountabu excellent performance ,no complaints ...
This should shut the mouth of sceptic s and nay sayers https://t.co/F3KS8QQtbG"
974478482322341888,2018-03-16 02:52:29,0,974478482322341888,4,"@GoenkaPk My tuv automatic on city,highway and Mountabu excellent performance ,no complaints ...
This should shut the mouth of sceptic s and nay sayers https://t.co/F3KS8QQtbG"
974481325611671552,2018-03-16 03:03:47,0,974481325611671552,4,"@GoenkaPk My tuv automatic on city,highway and Mountabu excellent performance ,no complaints ...
This should shut the mouth of sceptic s and nay sayers https://t.co/F3KS8QQtbG"
974577153948995584,2018-03-16 09:24:34,2,974577153948995584,1,@kendentshering @BJP4India @AmitShah @narendramodi @narendramodi_in They won‚Äôt ..... look at bjp of @MountAbu .... recent state VP is convicted for attempting to murder a journalist
974577291698188290,2018-03-16 09:25:07,0,974577291698188290,1,@kendentshering @BJP4India @AmitShah @narendramodi @narendramodi_in They won‚Äôt ..... look at bjp of @MountAbu .... recent state VP is convicted for attempting to murder a journalist
974602435401412609,2018-03-16 11:05:02,0,974602435401412609,0,"#Hillstation #Mountabu #lakes #hillstationofrajasthan #Rajsthan #Tourism #Rajasthantour #tourpackages 
visit :- https://t.co/vLpLCcTslC https://t.co/KJtGhdVGBy"
975243717736108032,2018-03-18 05:33:16,2,975243717736108032,0,"""The best view comes after the hardest climb.""

#mountabutrip #mountabudiaries #mountabu‚Ä¶ https://t.co/5PO5UVpfXl"
